-- Supplio Company Export
-- Company: Demo Solutions Ltd
-- Exported: 2026-04-13T20:00:00.966Z
-- ID: 677fe634-603d-4723-8c85-afff22b41391

-- Branch (1 rows)
INSERT INTO "Branch" ("id", "companyId", "name", "address", "phone", "createdAt", "updatedAt", "deletedAt", "deletedBy") VALUES ('17c263ab-70a9-4bdd-a67f-d8cb8e330972', '677fe634-603d-4723-8c85-afff22b41391', 'Demo Hub', NULL, NULL, '2026-03-28T18:21:44.894Z', '2026-03-28T18:21:44.894Z', NULL, NULL) ON CONFLICT DO NOTHING;

-- Dealer (5 rows)
INSERT INTO "Dealer" ("id", "companyId", "branchId", "name", "phone", "address", "creditLimit", "currentDebt", "telegramChatId", "createdAt", "updatedAt", "deletedAt", "deletedBy", "isApproved", "approvedAt", "approvedBy", "isBlocked", "cashbackBalance") VALUES ('dealer-677fe634-603d-4723-8c85-afff22b41391-1', '677fe634-603d-4723-8c85-afff22b41391', '17c263ab-70a9-4bdd-a67f-d8cb8e330972', 'Apex Retail', '+998901112233', NULL, 10000000, 4500000, NULL, '2026-04-12T19:00:00.127Z', '2026-04-12T19:00:00.127Z', NULL, NULL, TRUE, NULL, NULL, FALSE, 0) ON CONFLICT DO NOTHING;
INSERT INTO "Dealer" ("id", "companyId", "branchId", "name", "phone", "address", "creditLimit", "currentDebt", "telegramChatId", "createdAt", "updatedAt", "deletedAt", "deletedBy", "isApproved", "approvedAt", "approvedBy", "isBlocked", "cashbackBalance") VALUES ('dealer-677fe634-603d-4723-8c85-afff22b41391-2', '677fe634-603d-4723-8c85-afff22b41391', '17c263ab-70a9-4bdd-a67f-d8cb8e330972', 'Global Mart', '+998904445566', NULL, 5000000, 1200000, NULL, '2026-04-12T19:00:00.127Z', '2026-04-12T19:00:00.127Z', NULL, NULL, TRUE, NULL, NULL, FALSE, 0) ON CONFLICT DO NOTHING;
INSERT INTO "Dealer" ("id", "companyId", "branchId", "name", "phone", "address", "creditLimit", "currentDebt", "telegramChatId", "createdAt", "updatedAt", "deletedAt", "deletedBy", "isApproved", "approvedAt", "approvedBy", "isBlocked", "cashbackBalance") VALUES ('dealer-677fe634-603d-4723-8c85-afff22b41391-3', '677fe634-603d-4723-8c85-afff22b41391', '17c263ab-70a9-4bdd-a67f-d8cb8e330972', 'City Express', '+998907778899', NULL, 2000000, 2500000, NULL, '2026-04-12T19:00:00.127Z', '2026-04-12T19:00:00.127Z', NULL, NULL, TRUE, NULL, NULL, FALSE, 0) ON CONFLICT DO NOTHING;
INSERT INTO "Dealer" ("id", "companyId", "branchId", "name", "phone", "address", "creditLimit", "currentDebt", "telegramChatId", "createdAt", "updatedAt", "deletedAt", "deletedBy", "isApproved", "approvedAt", "approvedBy", "isBlocked", "cashbackBalance") VALUES ('dealer-677fe634-603d-4723-8c85-afff22b41391-4', '677fe634-603d-4723-8c85-afff22b41391', '17c263ab-70a9-4bdd-a67f-d8cb8e330972', 'Metro Store', '+998909990011', NULL, 8000000, 650000, NULL, '2026-04-12T19:00:00.127Z', '2026-04-12T19:00:00.127Z', NULL, NULL, TRUE, NULL, NULL, FALSE, 0) ON CONFLICT DO NOTHING;
INSERT INTO "Dealer" ("id", "companyId", "branchId", "name", "phone", "address", "creditLimit", "currentDebt", "telegramChatId", "createdAt", "updatedAt", "deletedAt", "deletedBy", "isApproved", "approvedAt", "approvedBy", "isBlocked", "cashbackBalance") VALUES ('dealer-677fe634-603d-4723-8c85-afff22b41391-5', '677fe634-603d-4723-8c85-afff22b41391', '17c263ab-70a9-4bdd-a67f-d8cb8e330972', 'FastTrade', '+998902223344', NULL, 15000000, 3200000, NULL, '2026-04-12T19:00:00.127Z', '2026-04-12T19:00:00.127Z', NULL, NULL, TRUE, NULL, NULL, FALSE, 0) ON CONFLICT DO NOTHING;

-- Product (5 rows)
INSERT INTO "Product" ("id", "companyId", "name", "sku", "description", "costPrice", "price", "stock", "unit", "createdAt", "updatedAt", "deletedAt", "deletedBy", "categoryId", "imageUrl", "isActive", "subcategoryId", "unitId", "discountPrice", "isPromo") VALUES ('f85fb2c0-067f-4ea7-b6cc-9b2de51314e0', '677fe634-603d-4723-8c85-afff22b41391', 'Premium Box Set', 'PBS-001', NULL, 180000, 250000, 150, 'box', '2026-04-12T19:00:00.141Z', '2026-04-12T19:00:00.141Z', NULL, NULL, NULL, NULL, TRUE, NULL, NULL, NULL, FALSE) ON CONFLICT DO NOTHING;
INSERT INTO "Product" ("id", "companyId", "name", "sku", "description", "costPrice", "price", "stock", "unit", "createdAt", "updatedAt", "deletedAt", "deletedBy", "categoryId", "imageUrl", "isActive", "subcategoryId", "unitId", "discountPrice", "isPromo") VALUES ('da4872e3-5f1d-47f5-af48-ebcdcc74c970', '677fe634-603d-4723-8c85-afff22b41391', 'Standard Pack', 'SP-002', NULL, 30000, 45000, 2000, 'pcs', '2026-04-12T19:00:00.141Z', '2026-04-12T19:00:00.141Z', NULL, NULL, NULL, NULL, TRUE, NULL, NULL, NULL, FALSE) ON CONFLICT DO NOTHING;
INSERT INTO "Product" ("id", "companyId", "name", "sku", "description", "costPrice", "price", "stock", "unit", "createdAt", "updatedAt", "deletedAt", "deletedBy", "categoryId", "imageUrl", "isActive", "subcategoryId", "unitId", "discountPrice", "isPromo") VALUES ('35ef663b-72a6-4e21-b93b-e1538efede1f', '677fe634-603d-4723-8c85-afff22b41391', 'Industrial Set', 'IS-003', NULL, 950000, 1200000, 45, 'set', '2026-04-12T19:00:00.141Z', '2026-04-12T19:00:00.141Z', NULL, NULL, NULL, NULL, TRUE, NULL, NULL, NULL, TRUE) ON CONFLICT DO NOTHING;
INSERT INTO "Product" ("id", "companyId", "name", "sku", "description", "costPrice", "price", "stock", "unit", "createdAt", "updatedAt", "deletedAt", "deletedBy", "categoryId", "imageUrl", "isActive", "subcategoryId", "unitId", "discountPrice", "isPromo") VALUES ('09c2afd3-524b-4fa8-9b77-2da4009e1958', '677fe634-603d-4723-8c85-afff22b41391', 'Mini Sample', 'MS-004', NULL, 8000, 12000, 5000, 'pcs', '2026-04-12T19:00:00.141Z', '2026-04-12T19:00:00.141Z', NULL, NULL, NULL, NULL, TRUE, NULL, NULL, NULL, FALSE) ON CONFLICT DO NOTHING;
INSERT INTO "Product" ("id", "companyId", "name", "sku", "description", "costPrice", "price", "stock", "unit", "createdAt", "updatedAt", "deletedAt", "deletedBy", "categoryId", "imageUrl", "isActive", "subcategoryId", "unitId", "discountPrice", "isPromo") VALUES ('47f5ad50-23af-496a-9b00-b39955e9bdef', '677fe634-603d-4723-8c85-afff22b41391', 'Bulk Container', 'BC-005', NULL, 2800000, 3500000, 12, 'cnt', '2026-04-12T19:00:00.141Z', '2026-04-12T19:00:00.141Z', NULL, NULL, NULL, NULL, TRUE, NULL, NULL, NULL, FALSE) ON CONFLICT DO NOTHING;

-- Order (10 rows)
INSERT INTO "Order" ("id", "companyId", "dealerId", "branchId", "totalAmount", "totalCost", "status", "items", "createdAt", "updatedAt", "deletedAt", "deletedBy", "note") VALUES ('96dfe889-ebda-4f26-9bca-05938f1f91b7', '677fe634-603d-4723-8c85-afff22b41391', 'dealer-677fe634-603d-4723-8c85-afff22b41391-5', '17c263ab-70a9-4bdd-a67f-d8cb8e330972', 3200000, 2400000, 'DELIVERED', '[{"productId":null,"name":"Premium Box Set","qty":13,"unit":"pcs","price":250000,"total":3250000}]', '2026-04-07T19:00:00.150Z', '2026-04-12T19:00:00.197Z', NULL, NULL, NULL) ON CONFLICT DO NOTHING;
INSERT INTO "Order" ("id", "companyId", "dealerId", "branchId", "totalAmount", "totalCost", "status", "items", "createdAt", "updatedAt", "deletedAt", "deletedBy", "note") VALUES ('233012b0-4d67-4559-ba73-8afe51548cd3', '677fe634-603d-4723-8c85-afff22b41391', 'dealer-677fe634-603d-4723-8c85-afff22b41391-1', '17c263ab-70a9-4bdd-a67f-d8cb8e330972', 900000, 660000, 'ACCEPTED', '[{"productId":null,"name":"Standard Pack","qty":20,"unit":"pcs","price":45000,"total":900000}]', '2026-04-08T19:00:00.150Z', '2026-04-12T19:00:00.203Z', NULL, NULL, NULL) ON CONFLICT DO NOTHING;
INSERT INTO "Order" ("id", "companyId", "dealerId", "branchId", "totalAmount", "totalCost", "status", "items", "createdAt", "updatedAt", "deletedAt", "deletedBy", "note") VALUES ('b55b161e-649c-47d2-9401-6d8c97661470', '677fe634-603d-4723-8c85-afff22b41391', 'dealer-677fe634-603d-4723-8c85-afff22b41391-2', '17c263ab-70a9-4bdd-a67f-d8cb8e330972', 1800000, 1350000, 'PREPARING', '[{"productId":null,"name":"Bulk Container","qty":1,"unit":"pcs","price":3500000,"total":3500000}]', '2026-04-09T19:00:00.150Z', '2026-04-12T19:00:00.209Z', NULL, NULL, NULL) ON CONFLICT DO NOTHING;
INSERT INTO "Order" ("id", "companyId", "dealerId", "branchId", "totalAmount", "totalCost", "status", "items", "createdAt", "updatedAt", "deletedAt", "deletedBy", "note") VALUES ('c6ab46ce-e1da-44dc-9b63-679c76ffd24f', '677fe634-603d-4723-8c85-afff22b41391', 'dealer-677fe634-603d-4723-8c85-afff22b41391-3', '17c263ab-70a9-4bdd-a67f-d8cb8e330972', 360000, 240000, 'SHIPPED', '[{"productId":null,"name":"Mini Sample","qty":30,"unit":"pcs","price":12000,"total":360000}]', '2026-04-10T19:00:00.150Z', '2026-04-12T19:00:00.216Z', NULL, NULL, NULL) ON CONFLICT DO NOTHING;
INSERT INTO "Order" ("id", "companyId", "dealerId", "branchId", "totalAmount", "totalCost", "status", "items", "createdAt", "updatedAt", "deletedAt", "deletedBy", "note") VALUES ('846b7d14-d2e1-4082-8943-b4b0f41380e8', '677fe634-603d-4723-8c85-afff22b41391', 'dealer-677fe634-603d-4723-8c85-afff22b41391-4', '17c263ab-70a9-4bdd-a67f-d8cb8e330972', 2000000, 1600000, 'PENDING', '[{"productId":null,"name":"Industrial Set","qty":1,"unit":"pcs","price":1200000,"total":1200000}]', '2026-04-11T19:00:00.150Z', '2026-04-12T19:00:00.222Z', NULL, NULL, NULL) ON CONFLICT DO NOTHING;
INSERT INTO "Order" ("id", "companyId", "dealerId", "branchId", "totalAmount", "totalCost", "status", "items", "createdAt", "updatedAt", "deletedAt", "deletedBy", "note") VALUES ('8b960ede-1b1b-4a82-aff0-0c1f9a905a8c', '677fe634-603d-4723-8c85-afff22b41391', 'dealer-677fe634-603d-4723-8c85-afff22b41391-5', '17c263ab-70a9-4bdd-a67f-d8cb8e330972', 500000, 350000, 'CANCELLED', '[{"productId":null,"name":"Standard Pack","qty":11,"unit":"pcs","price":45000,"total":495000}]', '2026-04-12T19:00:00.150Z', '2026-04-12T19:00:00.228Z', NULL, NULL, NULL) ON CONFLICT DO NOTHING;
INSERT INTO "Order" ("id", "companyId", "dealerId", "branchId", "totalAmount", "totalCost", "status", "items", "createdAt", "updatedAt", "deletedAt", "deletedBy", "note") VALUES ('b7c967b2-6eb9-4dec-a9a5-8faa02491ac1', '677fe634-603d-4723-8c85-afff22b41391', 'dealer-677fe634-603d-4723-8c85-afff22b41391-1', '17c263ab-70a9-4bdd-a67f-d8cb8e330972', 4500000, 3240000, 'DELIVERED', '[{"productId":null,"name":"Premium Box Set","qty":18,"unit":"pcs","price":250000,"total":4500000}]', '2026-04-02T19:00:00.150Z', '2026-04-12T19:00:00.158Z', NULL, NULL, NULL) ON CONFLICT DO NOTHING;
INSERT INTO "Order" ("id", "companyId", "dealerId", "branchId", "totalAmount", "totalCost", "status", "items", "createdAt", "updatedAt", "deletedAt", "deletedBy", "note") VALUES ('6b219e99-004e-44a9-8dcc-d42641998bd6', '677fe634-603d-4723-8c85-afff22b41391', 'dealer-677fe634-603d-4723-8c85-afff22b41391-2', '17c263ab-70a9-4bdd-a67f-d8cb8e330972', 1200000, 900000, 'PENDING', '[{"productId":null,"name":"Standard Pack","qty":27,"unit":"pcs","price":45000,"total":1215000}]', '2026-04-04T19:00:00.150Z', '2026-04-12T19:00:00.172Z', NULL, NULL, NULL) ON CONFLICT DO NOTHING;
INSERT INTO "Order" ("id", "companyId", "dealerId", "branchId", "totalAmount", "totalCost", "status", "items", "createdAt", "updatedAt", "deletedAt", "deletedBy", "note") VALUES ('13365d35-360a-4c77-b7b0-0b81d223228c', '677fe634-603d-4723-8c85-afff22b41391', 'dealer-677fe634-603d-4723-8c85-afff22b41391-3', '17c263ab-70a9-4bdd-a67f-d8cb8e330972', 2500000, 1900000, 'COMPLETED', '[{"productId":null,"name":"Industrial Set","qty":2,"unit":"pcs","price":1200000,"total":2400000}]', '2026-04-05T19:00:00.150Z', '2026-04-12T19:00:00.178Z', NULL, NULL, NULL) ON CONFLICT DO NOTHING;
INSERT INTO "Order" ("id", "companyId", "dealerId", "branchId", "totalAmount", "totalCost", "status", "items", "createdAt", "updatedAt", "deletedAt", "deletedBy", "note") VALUES ('a88fb0f8-a382-4263-aee0-10e9a2fb77e2', '677fe634-603d-4723-8c85-afff22b41391', 'dealer-677fe634-603d-4723-8c85-afff22b41391-4', '17c263ab-70a9-4bdd-a67f-d8cb8e330972', 650000, 480000, 'DELIVERED', '[{"productId":null,"name":"Mini Sample","qty":54,"unit":"pcs","price":12000,"total":648000}]', '2026-04-06T19:00:00.150Z', '2026-04-12T19:00:00.184Z', NULL, NULL, NULL) ON CONFLICT DO NOTHING;

-- Payment (1 rows)
INSERT INTO "Payment" ("id", "companyId", "branchId", "dealerId", "amount", "method", "reference", "createdAt", "deletedAt", "deletedBy", "note") VALUES ('5ee260df-8f81-4c8b-ad98-ba2952539ffd', '677fe634-603d-4723-8c85-afff22b41391', '17c263ab-70a9-4bdd-a67f-d8cb8e330972', 'dealer-677fe634-603d-4723-8c85-afff22b41391-1', 4500000, 'cash', NULL, '2026-04-03T19:00:00.150Z', NULL, NULL, 'Demo payment') ON CONFLICT DO NOTHING;

-- Expense: empty
-- User (1 rows)
INSERT INTO "User" ("id", "companyId", "branchId", "phone", "fullName", "roleType", "isActive", "createdAt") VALUES ('99cfe604-cdee-4048-a231-32c13319c327', '677fe634-603d-4723-8c85-afff22b41391', '17c263ab-70a9-4bdd-a67f-d8cb8e330972', '+998991112233', 'Demo Owner', 'OWNER', TRUE, '2026-03-28T18:21:44.895Z') ON CONFLICT DO NOTHING;

