-- Supplio Company Export
-- Company: Demo Solutions Ltd
-- Exported: 2026-03-28T20:00:00.657Z
-- ID: 677fe634-603d-4723-8c85-afff22b41391

-- Branch (1 rows)
INSERT INTO "Branch" ("id", "companyId", "name", "address", "phone", "createdAt", "updatedAt", "deletedAt", "deletedBy") VALUES ('17c263ab-70a9-4bdd-a67f-d8cb8e330972', '677fe634-603d-4723-8c85-afff22b41391', 'Demo Hub', NULL, NULL, '2026-03-28T18:21:44.894Z', '2026-03-28T18:21:44.894Z', NULL, NULL) ON CONFLICT DO NOTHING;

-- Dealer (5 rows)
INSERT INTO "Dealer" ("id", "companyId", "branchId", "name", "phone", "address", "creditLimit", "currentDebt", "telegramChatId", "createdAt", "updatedAt", "deletedAt", "deletedBy", "isApproved", "approvedAt", "approvedBy", "isBlocked", "cashbackBalance") VALUES ('dealer-677fe634-603d-4723-8c85-afff22b41391-1', '677fe634-603d-4723-8c85-afff22b41391', '17c263ab-70a9-4bdd-a67f-d8cb8e330972', 'Apex Retail', '+998901112233', NULL, 10000000, 4500000, NULL, '2026-03-28T19:00:00.209Z', '2026-03-28T19:00:00.209Z', NULL, NULL, TRUE, NULL, NULL, FALSE, 0) ON CONFLICT DO NOTHING;
INSERT INTO "Dealer" ("id", "companyId", "branchId", "name", "phone", "address", "creditLimit", "currentDebt", "telegramChatId", "createdAt", "updatedAt", "deletedAt", "deletedBy", "isApproved", "approvedAt", "approvedBy", "isBlocked", "cashbackBalance") VALUES ('dealer-677fe634-603d-4723-8c85-afff22b41391-2', '677fe634-603d-4723-8c85-afff22b41391', '17c263ab-70a9-4bdd-a67f-d8cb8e330972', 'Global Mart', '+998904445566', NULL, 5000000, 1200000, NULL, '2026-03-28T19:00:00.209Z', '2026-03-28T19:00:00.209Z', NULL, NULL, TRUE, NULL, NULL, FALSE, 0) ON CONFLICT DO NOTHING;
INSERT INTO "Dealer" ("id", "companyId", "branchId", "name", "phone", "address", "creditLimit", "currentDebt", "telegramChatId", "createdAt", "updatedAt", "deletedAt", "deletedBy", "isApproved", "approvedAt", "approvedBy", "isBlocked", "cashbackBalance") VALUES ('dealer-677fe634-603d-4723-8c85-afff22b41391-3', '677fe634-603d-4723-8c85-afff22b41391', '17c263ab-70a9-4bdd-a67f-d8cb8e330972', 'City Express', '+998907778899', NULL, 2000000, 2500000, NULL, '2026-03-28T19:00:00.209Z', '2026-03-28T19:00:00.209Z', NULL, NULL, TRUE, NULL, NULL, FALSE, 0) ON CONFLICT DO NOTHING;
INSERT INTO "Dealer" ("id", "companyId", "branchId", "name", "phone", "address", "creditLimit", "currentDebt", "telegramChatId", "createdAt", "updatedAt", "deletedAt", "deletedBy", "isApproved", "approvedAt", "approvedBy", "isBlocked", "cashbackBalance") VALUES ('dealer-677fe634-603d-4723-8c85-afff22b41391-4', '677fe634-603d-4723-8c85-afff22b41391', '17c263ab-70a9-4bdd-a67f-d8cb8e330972', 'Metro Store', '+998909990011', NULL, 8000000, 650000, NULL, '2026-03-28T19:00:00.209Z', '2026-03-28T19:00:00.209Z', NULL, NULL, TRUE, NULL, NULL, FALSE, 0) ON CONFLICT DO NOTHING;
INSERT INTO "Dealer" ("id", "companyId", "branchId", "name", "phone", "address", "creditLimit", "currentDebt", "telegramChatId", "createdAt", "updatedAt", "deletedAt", "deletedBy", "isApproved", "approvedAt", "approvedBy", "isBlocked", "cashbackBalance") VALUES ('dealer-677fe634-603d-4723-8c85-afff22b41391-5', '677fe634-603d-4723-8c85-afff22b41391', '17c263ab-70a9-4bdd-a67f-d8cb8e330972', 'FastTrade', '+998902223344', NULL, 15000000, 3200000, NULL, '2026-03-28T19:00:00.209Z', '2026-03-28T19:00:00.209Z', NULL, NULL, TRUE, NULL, NULL, FALSE, 0) ON CONFLICT DO NOTHING;

-- Product (5 rows)
INSERT INTO "Product" ("id", "companyId", "name", "sku", "description", "costPrice", "price", "stock", "unit", "createdAt", "updatedAt", "deletedAt", "deletedBy", "categoryId", "imageUrl", "isActive", "subcategoryId", "unitId", "discountPrice", "isPromo") VALUES ('9aaca7db-b824-463d-b897-18f68fd83344', '677fe634-603d-4723-8c85-afff22b41391', 'Premium Box Set', 'PBS-001', NULL, 180000, 250000, 150, 'box', '2026-03-28T19:00:00.213Z', '2026-03-28T19:00:00.213Z', NULL, NULL, NULL, NULL, TRUE, NULL, NULL, NULL, FALSE) ON CONFLICT DO NOTHING;
INSERT INTO "Product" ("id", "companyId", "name", "sku", "description", "costPrice", "price", "stock", "unit", "createdAt", "updatedAt", "deletedAt", "deletedBy", "categoryId", "imageUrl", "isActive", "subcategoryId", "unitId", "discountPrice", "isPromo") VALUES ('9d626a2d-4ec8-438e-9e77-dd082485cfcc', '677fe634-603d-4723-8c85-afff22b41391', 'Standard Pack', 'SP-002', NULL, 30000, 45000, 2000, 'pcs', '2026-03-28T19:00:00.213Z', '2026-03-28T19:00:00.213Z', NULL, NULL, NULL, NULL, TRUE, NULL, NULL, NULL, FALSE) ON CONFLICT DO NOTHING;
INSERT INTO "Product" ("id", "companyId", "name", "sku", "description", "costPrice", "price", "stock", "unit", "createdAt", "updatedAt", "deletedAt", "deletedBy", "categoryId", "imageUrl", "isActive", "subcategoryId", "unitId", "discountPrice", "isPromo") VALUES ('82765da1-6147-4a55-8c70-4f9befd921c0', '677fe634-603d-4723-8c85-afff22b41391', 'Industrial Set', 'IS-003', NULL, 950000, 1200000, 45, 'set', '2026-03-28T19:00:00.213Z', '2026-03-28T19:00:00.213Z', NULL, NULL, NULL, NULL, TRUE, NULL, NULL, NULL, TRUE) ON CONFLICT DO NOTHING;
INSERT INTO "Product" ("id", "companyId", "name", "sku", "description", "costPrice", "price", "stock", "unit", "createdAt", "updatedAt", "deletedAt", "deletedBy", "categoryId", "imageUrl", "isActive", "subcategoryId", "unitId", "discountPrice", "isPromo") VALUES ('13018891-ac1b-4270-a9da-bd62241112df', '677fe634-603d-4723-8c85-afff22b41391', 'Mini Sample', 'MS-004', NULL, 8000, 12000, 5000, 'pcs', '2026-03-28T19:00:00.213Z', '2026-03-28T19:00:00.213Z', NULL, NULL, NULL, NULL, TRUE, NULL, NULL, NULL, FALSE) ON CONFLICT DO NOTHING;
INSERT INTO "Product" ("id", "companyId", "name", "sku", "description", "costPrice", "price", "stock", "unit", "createdAt", "updatedAt", "deletedAt", "deletedBy", "categoryId", "imageUrl", "isActive", "subcategoryId", "unitId", "discountPrice", "isPromo") VALUES ('242139f2-b208-4302-9d47-ef22cc00fced', '677fe634-603d-4723-8c85-afff22b41391', 'Bulk Container', 'BC-005', NULL, 2800000, 3500000, 12, 'cnt', '2026-03-28T19:00:00.213Z', '2026-03-28T19:00:00.213Z', NULL, NULL, NULL, NULL, TRUE, NULL, NULL, NULL, FALSE) ON CONFLICT DO NOTHING;

-- Order (10 rows)
INSERT INTO "Order" ("id", "companyId", "dealerId", "branchId", "totalAmount", "totalCost", "status", "items", "createdAt", "updatedAt", "deletedAt", "deletedBy", "note") VALUES ('bd4152c6-2a63-4b20-afa4-809723da7d94', '677fe634-603d-4723-8c85-afff22b41391', 'dealer-677fe634-603d-4723-8c85-afff22b41391-1', '17c263ab-70a9-4bdd-a67f-d8cb8e330972', 4500000, 3240000, 'DELIVERED', '[{"productId":null,"name":"Premium Box Set","qty":18,"unit":"pcs","price":250000,"total":4500000}]', '2026-03-18T19:00:00.215Z', '2026-03-28T19:00:00.221Z', NULL, NULL, NULL) ON CONFLICT DO NOTHING;
INSERT INTO "Order" ("id", "companyId", "dealerId", "branchId", "totalAmount", "totalCost", "status", "items", "createdAt", "updatedAt", "deletedAt", "deletedBy", "note") VALUES ('429e2b1d-0f85-4f84-87fe-e93381ca82bd', '677fe634-603d-4723-8c85-afff22b41391', 'dealer-677fe634-603d-4723-8c85-afff22b41391-2', '17c263ab-70a9-4bdd-a67f-d8cb8e330972', 1200000, 900000, 'PENDING', '[{"productId":null,"name":"Standard Pack","qty":27,"unit":"pcs","price":45000,"total":1215000}]', '2026-03-20T19:00:00.215Z', '2026-03-28T19:00:00.226Z', NULL, NULL, NULL) ON CONFLICT DO NOTHING;
INSERT INTO "Order" ("id", "companyId", "dealerId", "branchId", "totalAmount", "totalCost", "status", "items", "createdAt", "updatedAt", "deletedAt", "deletedBy", "note") VALUES ('2bb0c3cc-607b-4997-a8a8-5786f80a6e7a', '677fe634-603d-4723-8c85-afff22b41391', 'dealer-677fe634-603d-4723-8c85-afff22b41391-3', '17c263ab-70a9-4bdd-a67f-d8cb8e330972', 2500000, 1900000, 'COMPLETED', '[{"productId":null,"name":"Industrial Set","qty":2,"unit":"pcs","price":1200000,"total":2400000}]', '2026-03-21T19:00:00.215Z', '2026-03-28T19:00:00.234Z', NULL, NULL, NULL) ON CONFLICT DO NOTHING;
INSERT INTO "Order" ("id", "companyId", "dealerId", "branchId", "totalAmount", "totalCost", "status", "items", "createdAt", "updatedAt", "deletedAt", "deletedBy", "note") VALUES ('d27b662c-ae11-4651-914b-c4fddd91898d', '677fe634-603d-4723-8c85-afff22b41391', 'dealer-677fe634-603d-4723-8c85-afff22b41391-4', '17c263ab-70a9-4bdd-a67f-d8cb8e330972', 650000, 480000, 'DELIVERED', '[{"productId":null,"name":"Mini Sample","qty":54,"unit":"pcs","price":12000,"total":648000}]', '2026-03-22T19:00:00.215Z', '2026-03-28T19:00:00.238Z', NULL, NULL, NULL) ON CONFLICT DO NOTHING;
INSERT INTO "Order" ("id", "companyId", "dealerId", "branchId", "totalAmount", "totalCost", "status", "items", "createdAt", "updatedAt", "deletedAt", "deletedBy", "note") VALUES ('e3518103-1105-468a-af73-08f1a7df1019', '677fe634-603d-4723-8c85-afff22b41391', 'dealer-677fe634-603d-4723-8c85-afff22b41391-5', '17c263ab-70a9-4bdd-a67f-d8cb8e330972', 3200000, 2400000, 'DELIVERED', '[{"productId":null,"name":"Premium Box Set","qty":13,"unit":"pcs","price":250000,"total":3250000}]', '2026-03-23T19:00:00.215Z', '2026-03-28T19:00:00.242Z', NULL, NULL, NULL) ON CONFLICT DO NOTHING;
INSERT INTO "Order" ("id", "companyId", "dealerId", "branchId", "totalAmount", "totalCost", "status", "items", "createdAt", "updatedAt", "deletedAt", "deletedBy", "note") VALUES ('94bed605-e816-43d1-b700-ab92d861abd4', '677fe634-603d-4723-8c85-afff22b41391', 'dealer-677fe634-603d-4723-8c85-afff22b41391-1', '17c263ab-70a9-4bdd-a67f-d8cb8e330972', 900000, 660000, 'ACCEPTED', '[{"productId":null,"name":"Standard Pack","qty":20,"unit":"pcs","price":45000,"total":900000}]', '2026-03-24T19:00:00.215Z', '2026-03-28T19:00:00.245Z', NULL, NULL, NULL) ON CONFLICT DO NOTHING;
INSERT INTO "Order" ("id", "companyId", "dealerId", "branchId", "totalAmount", "totalCost", "status", "items", "createdAt", "updatedAt", "deletedAt", "deletedBy", "note") VALUES ('de2b66a5-2db6-4e67-b1aa-feae211a8091', '677fe634-603d-4723-8c85-afff22b41391', 'dealer-677fe634-603d-4723-8c85-afff22b41391-2', '17c263ab-70a9-4bdd-a67f-d8cb8e330972', 1800000, 1350000, 'PREPARING', '[{"productId":null,"name":"Bulk Container","qty":1,"unit":"pcs","price":3500000,"total":3500000}]', '2026-03-25T19:00:00.215Z', '2026-03-28T19:00:00.248Z', NULL, NULL, NULL) ON CONFLICT DO NOTHING;
INSERT INTO "Order" ("id", "companyId", "dealerId", "branchId", "totalAmount", "totalCost", "status", "items", "createdAt", "updatedAt", "deletedAt", "deletedBy", "note") VALUES ('64c5ffbf-81c7-49c1-b2b3-b3d43036a4f7', '677fe634-603d-4723-8c85-afff22b41391', 'dealer-677fe634-603d-4723-8c85-afff22b41391-3', '17c263ab-70a9-4bdd-a67f-d8cb8e330972', 360000, 240000, 'SHIPPED', '[{"productId":null,"name":"Mini Sample","qty":30,"unit":"pcs","price":12000,"total":360000}]', '2026-03-26T19:00:00.215Z', '2026-03-28T19:00:00.253Z', NULL, NULL, NULL) ON CONFLICT DO NOTHING;
INSERT INTO "Order" ("id", "companyId", "dealerId", "branchId", "totalAmount", "totalCost", "status", "items", "createdAt", "updatedAt", "deletedAt", "deletedBy", "note") VALUES ('e19f709a-401b-42ca-bb03-b74de7ce7879', '677fe634-603d-4723-8c85-afff22b41391', 'dealer-677fe634-603d-4723-8c85-afff22b41391-4', '17c263ab-70a9-4bdd-a67f-d8cb8e330972', 2000000, 1600000, 'PENDING', '[{"productId":null,"name":"Industrial Set","qty":1,"unit":"pcs","price":1200000,"total":1200000}]', '2026-03-27T19:00:00.215Z', '2026-03-28T19:00:00.255Z', NULL, NULL, NULL) ON CONFLICT DO NOTHING;
INSERT INTO "Order" ("id", "companyId", "dealerId", "branchId", "totalAmount", "totalCost", "status", "items", "createdAt", "updatedAt", "deletedAt", "deletedBy", "note") VALUES ('bdf8822d-76eb-41f7-a204-63fb51df2aeb', '677fe634-603d-4723-8c85-afff22b41391', 'dealer-677fe634-603d-4723-8c85-afff22b41391-5', '17c263ab-70a9-4bdd-a67f-d8cb8e330972', 500000, 350000, 'CANCELLED', '[{"productId":null,"name":"Standard Pack","qty":11,"unit":"pcs","price":45000,"total":495000}]', '2026-03-28T19:00:00.215Z', '2026-03-28T19:00:00.258Z', NULL, NULL, NULL) ON CONFLICT DO NOTHING;

-- Payment (1 rows)
INSERT INTO "Payment" ("id", "companyId", "branchId", "dealerId", "amount", "method", "reference", "createdAt", "deletedAt", "deletedBy", "note") VALUES ('c617e4ef-6b8e-46ba-8f51-a832192bd04b', '677fe634-603d-4723-8c85-afff22b41391', '17c263ab-70a9-4bdd-a67f-d8cb8e330972', 'dealer-677fe634-603d-4723-8c85-afff22b41391-1', 4500000, 'cash', NULL, '2026-03-19T19:00:00.215Z', NULL, NULL, 'Demo payment') ON CONFLICT DO NOTHING;

-- Expense: empty
-- User (1 rows)
INSERT INTO "User" ("id", "companyId", "branchId", "phone", "fullName", "roleType", "isActive", "createdAt") VALUES ('99cfe604-cdee-4048-a231-32c13319c327', '677fe634-603d-4723-8c85-afff22b41391', '17c263ab-70a9-4bdd-a67f-d8cb8e330972', '+998991112233', 'Demo Owner', 'OWNER', TRUE, '2026-03-28T18:21:44.895Z') ON CONFLICT DO NOTHING;

