-- Supplio Company Export
-- Company: Demo Solutions Ltd
-- Exported: 2026-04-19T22:06:41.776Z
-- ID: 677fe634-603d-4723-8c85-afff22b41391

-- Branch (1 rows)
INSERT INTO "Branch" ("id", "companyId", "name", "address", "phone", "createdAt", "updatedAt", "deletedAt", "deletedBy") VALUES ('17c263ab-70a9-4bdd-a67f-d8cb8e330972', '677fe634-603d-4723-8c85-afff22b41391', 'Demo Hub', NULL, NULL, '2026-03-28T18:21:44.894Z', '2026-03-28T18:21:44.894Z', NULL, NULL) ON CONFLICT DO NOTHING;

-- Dealer (5 rows)
INSERT INTO "Dealer" ("id", "companyId", "branchId", "name", "phone", "address", "region", "district", "contactPhone", "creditLimit", "currentDebt", "telegramChatId", "createdAt", "updatedAt", "deletedAt", "deletedBy", "isApproved", "approvedAt", "approvedBy", "isBlocked", "cashbackBalance") VALUES ('dealer-677fe634-603d-4723-8c85-afff22b41391-1', '677fe634-603d-4723-8c85-afff22b41391', '17c263ab-70a9-4bdd-a67f-d8cb8e330972', 'Apex Retail', '+998901112233', NULL, NULL, NULL, NULL, 10000000, 4500000, NULL, '2026-04-18T19:00:00.110Z', '2026-04-18T19:00:00.110Z', NULL, NULL, TRUE, NULL, NULL, FALSE, 0) ON CONFLICT DO NOTHING;
INSERT INTO "Dealer" ("id", "companyId", "branchId", "name", "phone", "address", "region", "district", "contactPhone", "creditLimit", "currentDebt", "telegramChatId", "createdAt", "updatedAt", "deletedAt", "deletedBy", "isApproved", "approvedAt", "approvedBy", "isBlocked", "cashbackBalance") VALUES ('dealer-677fe634-603d-4723-8c85-afff22b41391-2', '677fe634-603d-4723-8c85-afff22b41391', '17c263ab-70a9-4bdd-a67f-d8cb8e330972', 'Global Mart', '+998904445566', NULL, NULL, NULL, NULL, 5000000, 1200000, NULL, '2026-04-18T19:00:00.110Z', '2026-04-18T19:00:00.110Z', NULL, NULL, TRUE, NULL, NULL, FALSE, 0) ON CONFLICT DO NOTHING;
INSERT INTO "Dealer" ("id", "companyId", "branchId", "name", "phone", "address", "region", "district", "contactPhone", "creditLimit", "currentDebt", "telegramChatId", "createdAt", "updatedAt", "deletedAt", "deletedBy", "isApproved", "approvedAt", "approvedBy", "isBlocked", "cashbackBalance") VALUES ('dealer-677fe634-603d-4723-8c85-afff22b41391-3', '677fe634-603d-4723-8c85-afff22b41391', '17c263ab-70a9-4bdd-a67f-d8cb8e330972', 'City Express', '+998907778899', NULL, NULL, NULL, NULL, 2000000, 2500000, NULL, '2026-04-18T19:00:00.110Z', '2026-04-18T19:00:00.110Z', NULL, NULL, TRUE, NULL, NULL, FALSE, 0) ON CONFLICT DO NOTHING;
INSERT INTO "Dealer" ("id", "companyId", "branchId", "name", "phone", "address", "region", "district", "contactPhone", "creditLimit", "currentDebt", "telegramChatId", "createdAt", "updatedAt", "deletedAt", "deletedBy", "isApproved", "approvedAt", "approvedBy", "isBlocked", "cashbackBalance") VALUES ('dealer-677fe634-603d-4723-8c85-afff22b41391-4', '677fe634-603d-4723-8c85-afff22b41391', '17c263ab-70a9-4bdd-a67f-d8cb8e330972', 'Metro Store', '+998909990011', NULL, NULL, NULL, NULL, 8000000, 650000, NULL, '2026-04-18T19:00:00.110Z', '2026-04-18T19:00:00.110Z', NULL, NULL, TRUE, NULL, NULL, FALSE, 0) ON CONFLICT DO NOTHING;
INSERT INTO "Dealer" ("id", "companyId", "branchId", "name", "phone", "address", "region", "district", "contactPhone", "creditLimit", "currentDebt", "telegramChatId", "createdAt", "updatedAt", "deletedAt", "deletedBy", "isApproved", "approvedAt", "approvedBy", "isBlocked", "cashbackBalance") VALUES ('dealer-677fe634-603d-4723-8c85-afff22b41391-5', '677fe634-603d-4723-8c85-afff22b41391', '17c263ab-70a9-4bdd-a67f-d8cb8e330972', 'FastTrade', '+998902223344', NULL, NULL, NULL, NULL, 15000000, 3200000, NULL, '2026-04-18T19:00:00.110Z', '2026-04-18T19:00:00.110Z', NULL, NULL, TRUE, NULL, NULL, FALSE, 0) ON CONFLICT DO NOTHING;

-- Product (5 rows)
INSERT INTO "Product" ("id", "companyId", "name", "sku", "description", "costPrice", "price", "stock", "unit", "createdAt", "updatedAt", "deletedAt", "deletedBy", "categoryId", "imageUrl", "isActive", "subcategoryId", "unitId", "discountPrice", "isPromo") VALUES ('65b1e1af-35b9-4762-ad73-a0e216e48f23', '677fe634-603d-4723-8c85-afff22b41391', 'Premium Box Set', 'PBS-001', NULL, 180000, 250000, 150, 'box', '2026-04-18T19:00:00.127Z', '2026-04-18T19:00:00.127Z', NULL, NULL, NULL, NULL, TRUE, NULL, NULL, NULL, FALSE) ON CONFLICT DO NOTHING;
INSERT INTO "Product" ("id", "companyId", "name", "sku", "description", "costPrice", "price", "stock", "unit", "createdAt", "updatedAt", "deletedAt", "deletedBy", "categoryId", "imageUrl", "isActive", "subcategoryId", "unitId", "discountPrice", "isPromo") VALUES ('8b889cf9-1e8b-48d9-b677-cad40c7342a5', '677fe634-603d-4723-8c85-afff22b41391', 'Standard Pack', 'SP-002', NULL, 30000, 45000, 2000, 'pcs', '2026-04-18T19:00:00.127Z', '2026-04-18T19:00:00.127Z', NULL, NULL, NULL, NULL, TRUE, NULL, NULL, NULL, FALSE) ON CONFLICT DO NOTHING;
INSERT INTO "Product" ("id", "companyId", "name", "sku", "description", "costPrice", "price", "stock", "unit", "createdAt", "updatedAt", "deletedAt", "deletedBy", "categoryId", "imageUrl", "isActive", "subcategoryId", "unitId", "discountPrice", "isPromo") VALUES ('3087618c-4cb1-4d11-ad4a-58db178014d2', '677fe634-603d-4723-8c85-afff22b41391', 'Industrial Set', 'IS-003', NULL, 950000, 1200000, 45, 'set', '2026-04-18T19:00:00.127Z', '2026-04-18T19:00:00.127Z', NULL, NULL, NULL, NULL, TRUE, NULL, NULL, NULL, TRUE) ON CONFLICT DO NOTHING;
INSERT INTO "Product" ("id", "companyId", "name", "sku", "description", "costPrice", "price", "stock", "unit", "createdAt", "updatedAt", "deletedAt", "deletedBy", "categoryId", "imageUrl", "isActive", "subcategoryId", "unitId", "discountPrice", "isPromo") VALUES ('2780b47f-6111-4d5f-9487-bb55652609c8', '677fe634-603d-4723-8c85-afff22b41391', 'Mini Sample', 'MS-004', NULL, 8000, 12000, 5000, 'pcs', '2026-04-18T19:00:00.127Z', '2026-04-18T19:00:00.127Z', NULL, NULL, NULL, NULL, TRUE, NULL, NULL, NULL, FALSE) ON CONFLICT DO NOTHING;
INSERT INTO "Product" ("id", "companyId", "name", "sku", "description", "costPrice", "price", "stock", "unit", "createdAt", "updatedAt", "deletedAt", "deletedBy", "categoryId", "imageUrl", "isActive", "subcategoryId", "unitId", "discountPrice", "isPromo") VALUES ('af52b1ba-5e52-4096-8721-0aebe0c762e8', '677fe634-603d-4723-8c85-afff22b41391', 'Bulk Container', 'BC-005', NULL, 2800000, 3500000, 12, 'cnt', '2026-04-18T19:00:00.127Z', '2026-04-18T19:00:00.127Z', NULL, NULL, NULL, NULL, TRUE, NULL, NULL, NULL, FALSE) ON CONFLICT DO NOTHING;

-- Order (10 rows)
INSERT INTO "Order" ("id", "companyId", "dealerId", "branchId", "totalAmount", "totalCost", "status", "subStatus", "items", "createdAt", "updatedAt", "deletedAt", "deletedBy", "note") VALUES ('696105a6-04f1-4bbd-922a-5f660d797e78', '677fe634-603d-4723-8c85-afff22b41391', 'dealer-677fe634-603d-4723-8c85-afff22b41391-5', '17c263ab-70a9-4bdd-a67f-d8cb8e330972', 3200000, 2400000, 'DELIVERED', NULL, '[{"productId":null,"name":"Premium Box Set","qty":13,"unit":"pcs","price":250000,"total":3250000}]', '2026-04-13T19:00:00.137Z', '2026-04-18T19:00:00.180Z', NULL, NULL, NULL) ON CONFLICT DO NOTHING;
INSERT INTO "Order" ("id", "companyId", "dealerId", "branchId", "totalAmount", "totalCost", "status", "subStatus", "items", "createdAt", "updatedAt", "deletedAt", "deletedBy", "note") VALUES ('00b3dd4f-e449-4fe7-917c-fdce13006847', '677fe634-603d-4723-8c85-afff22b41391', 'dealer-677fe634-603d-4723-8c85-afff22b41391-1', '17c263ab-70a9-4bdd-a67f-d8cb8e330972', 900000, 660000, 'ACCEPTED', NULL, '[{"productId":null,"name":"Standard Pack","qty":20,"unit":"pcs","price":45000,"total":900000}]', '2026-04-14T19:00:00.137Z', '2026-04-18T19:00:00.184Z', NULL, NULL, NULL) ON CONFLICT DO NOTHING;
INSERT INTO "Order" ("id", "companyId", "dealerId", "branchId", "totalAmount", "totalCost", "status", "subStatus", "items", "createdAt", "updatedAt", "deletedAt", "deletedBy", "note") VALUES ('c2387e90-9805-4053-9f5c-7cfa65c782c5', '677fe634-603d-4723-8c85-afff22b41391', 'dealer-677fe634-603d-4723-8c85-afff22b41391-2', '17c263ab-70a9-4bdd-a67f-d8cb8e330972', 1800000, 1350000, 'PREPARING', NULL, '[{"productId":null,"name":"Bulk Container","qty":1,"unit":"pcs","price":3500000,"total":3500000}]', '2026-04-15T19:00:00.137Z', '2026-04-18T19:00:00.189Z', NULL, NULL, NULL) ON CONFLICT DO NOTHING;
INSERT INTO "Order" ("id", "companyId", "dealerId", "branchId", "totalAmount", "totalCost", "status", "subStatus", "items", "createdAt", "updatedAt", "deletedAt", "deletedBy", "note") VALUES ('18ef69b8-aa77-460e-add9-936278c184f8', '677fe634-603d-4723-8c85-afff22b41391', 'dealer-677fe634-603d-4723-8c85-afff22b41391-3', '17c263ab-70a9-4bdd-a67f-d8cb8e330972', 360000, 240000, 'SHIPPED', NULL, '[{"productId":null,"name":"Mini Sample","qty":30,"unit":"pcs","price":12000,"total":360000}]', '2026-04-16T19:00:00.137Z', '2026-04-18T19:00:00.192Z', NULL, NULL, NULL) ON CONFLICT DO NOTHING;
INSERT INTO "Order" ("id", "companyId", "dealerId", "branchId", "totalAmount", "totalCost", "status", "subStatus", "items", "createdAt", "updatedAt", "deletedAt", "deletedBy", "note") VALUES ('b41c5914-50f5-4820-bb0e-e74409b06fba', '677fe634-603d-4723-8c85-afff22b41391', 'dealer-677fe634-603d-4723-8c85-afff22b41391-4', '17c263ab-70a9-4bdd-a67f-d8cb8e330972', 2000000, 1600000, 'PENDING', NULL, '[{"productId":null,"name":"Industrial Set","qty":1,"unit":"pcs","price":1200000,"total":1200000}]', '2026-04-17T19:00:00.137Z', '2026-04-18T19:00:00.196Z', NULL, NULL, NULL) ON CONFLICT DO NOTHING;
INSERT INTO "Order" ("id", "companyId", "dealerId", "branchId", "totalAmount", "totalCost", "status", "subStatus", "items", "createdAt", "updatedAt", "deletedAt", "deletedBy", "note") VALUES ('417c663c-3a8d-4d8f-adde-bed9d8b6852b', '677fe634-603d-4723-8c85-afff22b41391', 'dealer-677fe634-603d-4723-8c85-afff22b41391-5', '17c263ab-70a9-4bdd-a67f-d8cb8e330972', 500000, 350000, 'CANCELLED', NULL, '[{"productId":null,"name":"Standard Pack","qty":11,"unit":"pcs","price":45000,"total":495000}]', '2026-04-18T19:00:00.137Z', '2026-04-18T19:00:00.199Z', NULL, NULL, NULL) ON CONFLICT DO NOTHING;
INSERT INTO "Order" ("id", "companyId", "dealerId", "branchId", "totalAmount", "totalCost", "status", "subStatus", "items", "createdAt", "updatedAt", "deletedAt", "deletedBy", "note") VALUES ('00d03f4e-9a08-4d0d-81e8-e247752f32d9', '677fe634-603d-4723-8c85-afff22b41391', 'dealer-677fe634-603d-4723-8c85-afff22b41391-1', '17c263ab-70a9-4bdd-a67f-d8cb8e330972', 4500000, 3240000, 'DELIVERED', NULL, '[{"productId":null,"name":"Premium Box Set","qty":18,"unit":"pcs","price":250000,"total":4500000}]', '2026-04-08T19:00:00.137Z', '2026-04-18T19:00:00.142Z', NULL, NULL, NULL) ON CONFLICT DO NOTHING;
INSERT INTO "Order" ("id", "companyId", "dealerId", "branchId", "totalAmount", "totalCost", "status", "subStatus", "items", "createdAt", "updatedAt", "deletedAt", "deletedBy", "note") VALUES ('df0b9f2c-e3d5-46a4-933d-07e9880cdbd9', '677fe634-603d-4723-8c85-afff22b41391', 'dealer-677fe634-603d-4723-8c85-afff22b41391-2', '17c263ab-70a9-4bdd-a67f-d8cb8e330972', 1200000, 900000, 'PENDING', NULL, '[{"productId":null,"name":"Standard Pack","qty":27,"unit":"pcs","price":45000,"total":1215000}]', '2026-04-10T19:00:00.137Z', '2026-04-18T19:00:00.162Z', NULL, NULL, NULL) ON CONFLICT DO NOTHING;
INSERT INTO "Order" ("id", "companyId", "dealerId", "branchId", "totalAmount", "totalCost", "status", "subStatus", "items", "createdAt", "updatedAt", "deletedAt", "deletedBy", "note") VALUES ('b6082ff9-5527-481e-be2b-73255ba15ddf', '677fe634-603d-4723-8c85-afff22b41391', 'dealer-677fe634-603d-4723-8c85-afff22b41391-3', '17c263ab-70a9-4bdd-a67f-d8cb8e330972', 2500000, 1900000, 'COMPLETED', NULL, '[{"productId":null,"name":"Industrial Set","qty":2,"unit":"pcs","price":1200000,"total":2400000}]', '2026-04-11T19:00:00.137Z', '2026-04-18T19:00:00.169Z', NULL, NULL, NULL) ON CONFLICT DO NOTHING;
INSERT INTO "Order" ("id", "companyId", "dealerId", "branchId", "totalAmount", "totalCost", "status", "subStatus", "items", "createdAt", "updatedAt", "deletedAt", "deletedBy", "note") VALUES ('06e7c0b7-1fa7-47cd-971f-e94780c16b94', '677fe634-603d-4723-8c85-afff22b41391', 'dealer-677fe634-603d-4723-8c85-afff22b41391-4', '17c263ab-70a9-4bdd-a67f-d8cb8e330972', 650000, 480000, 'DELIVERED', NULL, '[{"productId":null,"name":"Mini Sample","qty":54,"unit":"pcs","price":12000,"total":648000}]', '2026-04-12T19:00:00.137Z', '2026-04-18T19:00:00.175Z', NULL, NULL, NULL) ON CONFLICT DO NOTHING;

-- Payment (1 rows)
INSERT INTO "Payment" ("id", "companyId", "branchId", "dealerId", "amount", "method", "reference", "createdAt", "deletedAt", "deletedBy", "note") VALUES ('f8dbb694-2978-49dd-9195-e99cd3eb4f9d', '677fe634-603d-4723-8c85-afff22b41391', '17c263ab-70a9-4bdd-a67f-d8cb8e330972', 'dealer-677fe634-603d-4723-8c85-afff22b41391-1', 4500000, 'cash', NULL, '2026-04-09T19:00:00.137Z', NULL, NULL, 'Demo payment') ON CONFLICT DO NOTHING;

-- Expense: empty
-- User (1 rows)
INSERT INTO "User" ("id", "companyId", "branchId", "phone", "fullName", "roleType", "isActive", "createdAt") VALUES ('99cfe604-cdee-4048-a231-32c13319c327', '677fe634-603d-4723-8c85-afff22b41391', '17c263ab-70a9-4bdd-a67f-d8cb8e330972', '+998991112233', 'Demo Owner', 'OWNER', TRUE, '2026-03-28T18:21:44.895Z') ON CONFLICT DO NOTHING;

