-- Supplio Company Export
-- Company: Supplio Global Distributors
-- Exported: 2026-03-29T20:00:00.574Z
-- ID: 2558c501-89df-4695-b56c-fbe600529b21

-- Branch (2 rows)
INSERT INTO "Branch" ("id", "companyId", "name", "address", "phone", "createdAt", "updatedAt", "deletedAt", "deletedBy") VALUES ('5d6566ed-592b-4fa7-a851-a361a13eae9c', '2558c501-89df-4695-b56c-fbe600529b21', 'Tashkent Main Hub', 'Tashkent, Yunusobod', NULL, '2026-03-28T18:21:44.622Z', '2026-03-28T18:21:44.622Z', NULL, NULL) ON CONFLICT DO NOTHING;
INSERT INTO "Branch" ("id", "companyId", "name", "address", "phone", "createdAt", "updatedAt", "deletedAt", "deletedBy") VALUES ('a8eb809c-172e-4d8a-a0b7-805f8286439f', '2558c501-89df-4695-b56c-fbe600529b21', 'Samarkand Branch', 'Samarkand shahar', NULL, '2026-03-28T18:21:44.624Z', '2026-03-28T18:21:44.624Z', NULL, NULL) ON CONFLICT DO NOTHING;

-- Dealer (10 rows)
INSERT INTO "Dealer" ("id", "companyId", "branchId", "name", "phone", "address", "creditLimit", "currentDebt", "telegramChatId", "createdAt", "updatedAt", "deletedAt", "deletedBy", "isApproved", "approvedAt", "approvedBy", "isBlocked", "cashbackBalance") VALUES ('14a0868a-c9ed-4962-92da-7d25d5e98e2c', '2558c501-89df-4695-b56c-fbe600529b21', '5d6566ed-592b-4fa7-a851-a361a13eae9c', 'Umida Qosimova', '+998904444444', NULL, 25000000, 10000000, NULL, '2026-03-28T18:21:44.638Z', '2026-03-28T18:21:44.885Z', NULL, NULL, FALSE, NULL, NULL, FALSE, 0) ON CONFLICT DO NOTHING;
INSERT INTO "Dealer" ("id", "companyId", "branchId", "name", "phone", "address", "creditLimit", "currentDebt", "telegramChatId", "createdAt", "updatedAt", "deletedAt", "deletedBy", "isApproved", "approvedAt", "approvedBy", "isBlocked", "cashbackBalance") VALUES ('eb9fdd9f-8ae4-4252-a662-ac14a105d55e', '2558c501-89df-4695-b56c-fbe600529b21', 'a8eb809c-172e-4d8a-a0b7-805f8286439f', 'Feruza Nazarova', '+998906666666', NULL, 8000000, -700000, NULL, '2026-03-28T18:21:44.638Z', '2026-03-28T18:21:44.887Z', NULL, NULL, FALSE, NULL, NULL, FALSE, 0) ON CONFLICT DO NOTHING;
INSERT INTO "Dealer" ("id", "companyId", "branchId", "name", "phone", "address", "creditLimit", "currentDebt", "telegramChatId", "createdAt", "updatedAt", "deletedAt", "deletedBy", "isApproved", "approvedAt", "approvedBy", "isBlocked", "cashbackBalance") VALUES ('305f8ae0-3776-4761-8278-13ecb059e48d', '2558c501-89df-4695-b56c-fbe600529b21', '5d6566ed-592b-4fa7-a851-a361a13eae9c', 'Sardor Mirzayev', '+998903333333', NULL, 15000000, 26400000, NULL, '2026-03-28T18:21:44.638Z', '2026-03-28T18:21:44.853Z', NULL, NULL, FALSE, NULL, NULL, FALSE, 0) ON CONFLICT DO NOTHING;
INSERT INTO "Dealer" ("id", "companyId", "branchId", "name", "phone", "address", "creditLimit", "currentDebt", "telegramChatId", "createdAt", "updatedAt", "deletedAt", "deletedBy", "isApproved", "approvedAt", "approvedBy", "isBlocked", "cashbackBalance") VALUES ('c429d9c4-5478-4478-89c2-98345a274317', '2558c501-89df-4695-b56c-fbe600529b21', 'a8eb809c-172e-4d8a-a0b7-805f8286439f', 'Otabek Xoliqov', '+998907777777', NULL, 12000000, 3900000, NULL, '2026-03-28T18:21:44.638Z', '2026-03-28T18:21:44.858Z', NULL, NULL, FALSE, NULL, NULL, FALSE, 0) ON CONFLICT DO NOTHING;
INSERT INTO "Dealer" ("id", "companyId", "branchId", "name", "phone", "address", "creditLimit", "currentDebt", "telegramChatId", "createdAt", "updatedAt", "deletedAt", "deletedBy", "isApproved", "approvedAt", "approvedBy", "isBlocked", "cashbackBalance") VALUES ('cc8274a6-19c3-4e45-a207-c9902126e0e4', '2558c501-89df-4695-b56c-fbe600529b21', 'a8eb809c-172e-4d8a-a0b7-805f8286439f', 'Kamola Ergasheva', '+998908888888', NULL, 18000000, 45000000, NULL, '2026-03-28T18:21:44.638Z', '2026-03-28T18:21:44.865Z', NULL, NULL, FALSE, NULL, NULL, FALSE, 0) ON CONFLICT DO NOTHING;
INSERT INTO "Dealer" ("id", "companyId", "branchId", "name", "phone", "address", "creditLimit", "currentDebt", "telegramChatId", "createdAt", "updatedAt", "deletedAt", "deletedBy", "isApproved", "approvedAt", "approvedBy", "isBlocked", "cashbackBalance") VALUES ('03f6ef3f-54a8-47ca-8153-0983ace9b797', '2558c501-89df-4695-b56c-fbe600529b21', 'a8eb809c-172e-4d8a-a0b7-805f8286439f', 'Bekzod Tursunov', '+998905555555', NULL, 10000000, 9120000, NULL, '2026-03-28T18:21:44.638Z', '2026-03-28T18:21:44.870Z', NULL, NULL, FALSE, NULL, NULL, FALSE, 0) ON CONFLICT DO NOTHING;
INSERT INTO "Dealer" ("id", "companyId", "branchId", "name", "phone", "address", "creditLimit", "currentDebt", "telegramChatId", "createdAt", "updatedAt", "deletedAt", "deletedBy", "isApproved", "approvedAt", "approvedBy", "isBlocked", "cashbackBalance") VALUES ('193d572b-d791-4918-8f8c-fe5b018be616', '2558c501-89df-4695-b56c-fbe600529b21', '5d6566ed-592b-4fa7-a851-a361a13eae9c', 'Sherzod Rашidov', '+998909999999', NULL, 22000000, 270000, NULL, '2026-03-28T18:21:44.638Z', '2026-03-28T18:21:44.872Z', NULL, NULL, FALSE, NULL, NULL, FALSE, 0) ON CONFLICT DO NOTHING;
INSERT INTO "Dealer" ("id", "companyId", "branchId", "name", "phone", "address", "creditLimit", "currentDebt", "telegramChatId", "createdAt", "updatedAt", "deletedAt", "deletedBy", "isApproved", "approvedAt", "approvedBy", "isBlocked", "cashbackBalance") VALUES ('b122c83b-1b3f-4943-90b5-6226085c997d', '2558c501-89df-4695-b56c-fbe600529b21', '5d6566ed-592b-4fa7-a851-a361a13eae9c', 'Alisher Kobilov', '+998944445566', NULL, 50000000, 50310000, NULL, '2026-03-28T18:21:44.638Z', '2026-03-28T18:21:44.876Z', NULL, NULL, FALSE, NULL, NULL, FALSE, 0) ON CONFLICT DO NOTHING;
INSERT INTO "Dealer" ("id", "companyId", "branchId", "name", "phone", "address", "creditLimit", "currentDebt", "telegramChatId", "createdAt", "updatedAt", "deletedAt", "deletedBy", "isApproved", "approvedAt", "approvedBy", "isBlocked", "cashbackBalance") VALUES ('5d76c986-4cad-446c-8442-21b4c0ee0cf9', '2558c501-89df-4695-b56c-fbe600529b21', '5d6566ed-592b-4fa7-a851-a361a13eae9c', 'Jasur Yuldashev', '+998901111111', NULL, 30000000, 51020000, NULL, '2026-03-28T18:21:44.638Z', '2026-03-28T18:21:44.879Z', NULL, NULL, FALSE, NULL, NULL, FALSE, 0) ON CONFLICT DO NOTHING;
INSERT INTO "Dealer" ("id", "companyId", "branchId", "name", "phone", "address", "creditLimit", "currentDebt", "telegramChatId", "createdAt", "updatedAt", "deletedAt", "deletedBy", "isApproved", "approvedAt", "approvedBy", "isBlocked", "cashbackBalance") VALUES ('604f7c8d-0d9b-4372-b18c-0e9f4b6bc56f', '2558c501-89df-4695-b56c-fbe600529b21', '5d6566ed-592b-4fa7-a851-a361a13eae9c', 'Nodira Hasanova', '+998902222222', NULL, 20000000, 2570000, NULL, '2026-03-28T18:21:44.638Z', '2026-03-28T18:21:44.882Z', NULL, NULL, FALSE, NULL, NULL, FALSE, 0) ON CONFLICT DO NOTHING;

-- Product (10 rows)
INSERT INTO "Product" ("id", "companyId", "name", "sku", "description", "costPrice", "price", "stock", "unit", "createdAt", "updatedAt", "deletedAt", "deletedBy", "categoryId", "imageUrl", "isActive", "subcategoryId", "unitId", "discountPrice", "isPromo") VALUES ('727295e6-6c2a-415f-9c2c-55d616daf804', '2558c501-89df-4695-b56c-fbe600529b21', 'Samsung Galaxy S24 Ultra', 'SAM-S24U', NULL, 8000000, 12000000, 45, 'dona', '2026-03-28T18:21:44.633Z', '2026-03-28T18:21:44.633Z', NULL, NULL, '136299ef-398d-49a3-a896-1b6f1358ff67', NULL, TRUE, NULL, NULL, NULL, FALSE) ON CONFLICT DO NOTHING;
INSERT INTO "Product" ("id", "companyId", "name", "sku", "description", "costPrice", "price", "stock", "unit", "createdAt", "updatedAt", "deletedAt", "deletedBy", "categoryId", "imageUrl", "isActive", "subcategoryId", "unitId", "discountPrice", "isPromo") VALUES ('d83ebc32-798a-4bd0-9eea-65bfdf0f05f3', '2558c501-89df-4695-b56c-fbe600529b21', 'iPhone 15 Pro Max', 'APP-15PM', NULL, 10000000, 15000000, 30, 'dona', '2026-03-28T18:21:44.633Z', '2026-03-28T18:21:44.633Z', NULL, NULL, '136299ef-398d-49a3-a896-1b6f1358ff67', NULL, TRUE, NULL, NULL, NULL, FALSE) ON CONFLICT DO NOTHING;
INSERT INTO "Product" ("id", "companyId", "name", "sku", "description", "costPrice", "price", "stock", "unit", "createdAt", "updatedAt", "deletedAt", "deletedBy", "categoryId", "imageUrl", "isActive", "subcategoryId", "unitId", "discountPrice", "isPromo") VALUES ('bcacd7c5-f16f-46b7-a3b2-86b41b6cc0de', '2558c501-89df-4695-b56c-fbe600529b21', 'Xiaomi Redmi Note 13', 'XIA-RN13', NULL, 2500000, 3800000, 120, 'dona', '2026-03-28T18:21:44.633Z', '2026-03-28T18:21:44.633Z', NULL, NULL, '136299ef-398d-49a3-a896-1b6f1358ff67', NULL, TRUE, NULL, NULL, NULL, FALSE) ON CONFLICT DO NOTHING;
INSERT INTO "Product" ("id", "companyId", "name", "sku", "description", "costPrice", "price", "stock", "unit", "createdAt", "updatedAt", "deletedAt", "deletedBy", "categoryId", "imageUrl", "isActive", "subcategoryId", "unitId", "discountPrice", "isPromo") VALUES ('39ac2546-bbae-49c3-9748-3e77c45f55d1', '2558c501-89df-4695-b56c-fbe600529b21', 'Samsung 55" 4K TV', 'SAM-TV55', NULL, 5500000, 8000000, 15, 'dona', '2026-03-28T18:21:44.633Z', '2026-03-28T18:21:44.633Z', NULL, NULL, '136299ef-398d-49a3-a896-1b6f1358ff67', NULL, TRUE, NULL, NULL, NULL, FALSE) ON CONFLICT DO NOTHING;
INSERT INTO "Product" ("id", "companyId", "name", "sku", "description", "costPrice", "price", "stock", "unit", "createdAt", "updatedAt", "deletedAt", "deletedBy", "categoryId", "imageUrl", "isActive", "subcategoryId", "unitId", "discountPrice", "isPromo") VALUES ('c79ec824-1f07-40ef-94f0-984b15da0f85', '2558c501-89df-4695-b56c-fbe600529b21', 'Ariel Pods 30 ta', 'ARI-POD30', NULL, 45000, 65000, 500, 'quti', '2026-03-28T18:21:44.633Z', '2026-03-28T18:21:44.633Z', NULL, NULL, 'aeface47-ef4e-44ef-b79d-6abfc8293e27', NULL, TRUE, NULL, NULL, NULL, FALSE) ON CONFLICT DO NOTHING;
INSERT INTO "Product" ("id", "companyId", "name", "sku", "description", "costPrice", "price", "stock", "unit", "createdAt", "updatedAt", "deletedAt", "deletedBy", "categoryId", "imageUrl", "isActive", "subcategoryId", "unitId", "discountPrice", "isPromo") VALUES ('3c41c5ca-fab2-4b59-96e3-307964f01f12', '2558c501-89df-4695-b56c-fbe600529b21', 'Tide 3kg', 'TID-3KG', NULL, 55000, 80000, 350, 'paket', '2026-03-28T18:21:44.633Z', '2026-03-28T18:21:44.633Z', NULL, NULL, 'aeface47-ef4e-44ef-b79d-6abfc8293e27', NULL, TRUE, NULL, NULL, NULL, FALSE) ON CONFLICT DO NOTHING;
INSERT INTO "Product" ("id", "companyId", "name", "sku", "description", "costPrice", "price", "stock", "unit", "createdAt", "updatedAt", "deletedAt", "deletedBy", "categoryId", "imageUrl", "isActive", "subcategoryId", "unitId", "discountPrice", "isPromo") VALUES ('25789aac-674b-41a0-932b-4bfeaf15a1fc', '2558c501-89df-4695-b56c-fbe600529b21', 'Domestos 750ml', 'DOM-750', NULL, 18000, 28000, 800, 'shisha', '2026-03-28T18:21:44.633Z', '2026-03-28T18:21:44.633Z', NULL, NULL, 'aeface47-ef4e-44ef-b79d-6abfc8293e27', NULL, TRUE, NULL, NULL, NULL, FALSE) ON CONFLICT DO NOTHING;
INSERT INTO "Product" ("id", "companyId", "name", "sku", "description", "costPrice", "price", "stock", "unit", "createdAt", "updatedAt", "deletedAt", "deletedBy", "categoryId", "imageUrl", "isActive", "subcategoryId", "unitId", "discountPrice", "isPromo") VALUES ('4c13e202-4250-494e-a7ec-466834b002e2', '2558c501-89df-4695-b56c-fbe600529b21', 'Nescafe Classic 200g', 'NES-200G', NULL, 42000, 62000, 250, 'quti', '2026-03-28T18:21:44.633Z', '2026-03-28T18:21:44.633Z', NULL, NULL, 'ba94a06a-7c18-4c9c-bf48-3fd5974d53ae', NULL, TRUE, NULL, NULL, NULL, FALSE) ON CONFLICT DO NOTHING;
INSERT INTO "Product" ("id", "companyId", "name", "sku", "description", "costPrice", "price", "stock", "unit", "createdAt", "updatedAt", "deletedAt", "deletedBy", "categoryId", "imageUrl", "isActive", "subcategoryId", "unitId", "discountPrice", "isPromo") VALUES ('6ea27cfe-d78f-4b78-96c6-b2cc6139c930', '2558c501-89df-4695-b56c-fbe600529b21', 'Lay''s 160g Assorted', 'LAY-160', NULL, 12000, 18000, 600, 'dona', '2026-03-28T18:21:44.633Z', '2026-03-28T18:21:44.633Z', NULL, NULL, 'ba94a06a-7c18-4c9c-bf48-3fd5974d53ae', NULL, TRUE, NULL, NULL, NULL, FALSE) ON CONFLICT DO NOTHING;
INSERT INTO "Product" ("id", "companyId", "name", "sku", "description", "costPrice", "price", "stock", "unit", "createdAt", "updatedAt", "deletedAt", "deletedBy", "categoryId", "imageUrl", "isActive", "subcategoryId", "unitId", "discountPrice", "isPromo") VALUES ('85b8d292-dfb9-4273-9620-1adab5224e96', '2558c501-89df-4695-b56c-fbe600529b21', 'Coca-Cola 1.5L', 'CCA-1.5L', NULL, 8000, 13000, 1200, 'shisha', '2026-03-28T18:21:44.633Z', '2026-03-28T18:21:44.633Z', NULL, NULL, 'ba94a06a-7c18-4c9c-bf48-3fd5974d53ae', NULL, TRUE, NULL, NULL, NULL, FALSE) ON CONFLICT DO NOTHING;

-- Order (20 rows)
INSERT INTO "Order" ("id", "companyId", "dealerId", "branchId", "totalAmount", "totalCost", "status", "items", "createdAt", "updatedAt", "deletedAt", "deletedBy", "note") VALUES ('eb0e2a0b-6b8e-403a-937f-d665d689c80e', '2558c501-89df-4695-b56c-fbe600529b21', 'b122c83b-1b3f-4943-90b5-6226085c997d', '5d6566ed-592b-4fa7-a851-a361a13eae9c', 36000000, 24000000, 'DELIVERED', '[{"qty":3,"cost":8000000,"name":"Samsung Galaxy S24 Ultra","price":12000000,"productId":"727295e6-6c2a-415f-9c2c-55d616daf804"}]', '2026-02-28T18:21:44.815Z', '2026-03-28T18:21:44.817Z', NULL, NULL, NULL) ON CONFLICT DO NOTHING;
INSERT INTO "Order" ("id", "companyId", "dealerId", "branchId", "totalAmount", "totalCost", "status", "items", "createdAt", "updatedAt", "deletedAt", "deletedBy", "note") VALUES ('2fd957d6-4a98-4afe-a76a-8f571770d8c9', '2558c501-89df-4695-b56c-fbe600529b21', '5d76c986-4cad-446c-8442-21b4c0ee0cf9', '5d6566ed-592b-4fa7-a851-a361a13eae9c', 30000000, 20000000, 'DELIVERED', '[{"qty":2,"cost":10000000,"name":"iPhone 15 Pro Max","price":15000000,"productId":"d83ebc32-798a-4bd0-9eea-65bfdf0f05f3"}]', '2026-03-02T18:21:44.824Z', '2026-03-28T18:21:44.826Z', NULL, NULL, NULL) ON CONFLICT DO NOTHING;
INSERT INTO "Order" ("id", "companyId", "dealerId", "branchId", "totalAmount", "totalCost", "status", "items", "createdAt", "updatedAt", "deletedAt", "deletedBy", "note") VALUES ('1e0bc278-342c-4c35-a1ca-c1298c334840', '2558c501-89df-4695-b56c-fbe600529b21', '604f7c8d-0d9b-4372-b18c-0e9f4b6bc56f', '5d6566ed-592b-4fa7-a851-a361a13eae9c', 3250000, 2250000, 'DELIVERED', '[{"qty":50,"cost":45000,"name":"Ariel Pods 30 ta","price":65000,"productId":"c79ec824-1f07-40ef-94f0-984b15da0f85"}]', '2026-03-03T18:21:44.827Z', '2026-03-28T18:21:44.829Z', NULL, NULL, NULL) ON CONFLICT DO NOTHING;
INSERT INTO "Order" ("id", "companyId", "dealerId", "branchId", "totalAmount", "totalCost", "status", "items", "createdAt", "updatedAt", "deletedAt", "deletedBy", "note") VALUES ('931e5de1-0f5c-4c24-8d54-ec8079585e35', '2558c501-89df-4695-b56c-fbe600529b21', 'b122c83b-1b3f-4943-90b5-6226085c997d', '5d6566ed-592b-4fa7-a851-a361a13eae9c', 19000000, 12500000, 'DELIVERED', '[{"qty":5,"cost":2500000,"name":"Xiaomi Redmi Note 13","price":3800000,"productId":"bcacd7c5-f16f-46b7-a3b2-86b41b6cc0de"}]', '2026-03-04T18:21:44.830Z', '2026-03-28T18:21:44.832Z', NULL, NULL, NULL) ON CONFLICT DO NOTHING;
INSERT INTO "Order" ("id", "companyId", "dealerId", "branchId", "totalAmount", "totalCost", "status", "items", "createdAt", "updatedAt", "deletedAt", "deletedBy", "note") VALUES ('56aa987f-53ef-4b9b-882e-ba5c4a4d6979', '2558c501-89df-4695-b56c-fbe600529b21', '305f8ae0-3776-4761-8278-13ecb059e48d', '5d6566ed-592b-4fa7-a851-a361a13eae9c', 2400000, 1650000, 'DELIVERED', '[{"qty":30,"cost":55000,"name":"Tide 3kg","price":80000,"productId":"3c41c5ca-fab2-4b59-96e3-307964f01f12"}]', '2026-03-06T18:21:44.833Z', '2026-03-28T18:21:44.835Z', NULL, NULL, NULL) ON CONFLICT DO NOTHING;
INSERT INTO "Order" ("id", "companyId", "dealerId", "branchId", "totalAmount", "totalCost", "status", "items", "createdAt", "updatedAt", "deletedAt", "deletedBy", "note") VALUES ('7b090c35-9635-4541-8dc8-518884429338', '2558c501-89df-4695-b56c-fbe600529b21', '5d76c986-4cad-446c-8442-21b4c0ee0cf9', '5d6566ed-592b-4fa7-a851-a361a13eae9c', 620000, 420000, 'DELIVERED', '[{"qty":10,"cost":42000,"name":"Nescafe Classic 200g","price":62000,"productId":"4c13e202-4250-494e-a7ec-466834b002e2"}]', '2026-03-08T18:21:44.836Z', '2026-03-28T18:21:44.837Z', NULL, NULL, NULL) ON CONFLICT DO NOTHING;
INSERT INTO "Order" ("id", "companyId", "dealerId", "branchId", "totalAmount", "totalCost", "status", "items", "createdAt", "updatedAt", "deletedAt", "deletedBy", "note") VALUES ('9b77b848-6496-42f1-84f7-5b1f8addcc0a', '2558c501-89df-4695-b56c-fbe600529b21', '14a0868a-c9ed-4962-92da-7d25d5e98e2c', '5d6566ed-592b-4fa7-a851-a361a13eae9c', 16000000, 11000000, 'DELIVERED', '[{"qty":2,"cost":5500000,"name":"Samsung 55\" 4K TV","price":8000000,"productId":"39ac2546-bbae-49c3-9748-3e77c45f55d1"}]', '2026-03-10T18:21:44.839Z', '2026-03-28T18:21:44.840Z', NULL, NULL, NULL) ON CONFLICT DO NOTHING;
INSERT INTO "Order" ("id", "companyId", "dealerId", "branchId", "totalAmount", "totalCost", "status", "items", "createdAt", "updatedAt", "deletedAt", "deletedBy", "note") VALUES ('6c9d0fb1-28b7-45be-838f-9799f8de61ef', '2558c501-89df-4695-b56c-fbe600529b21', '03f6ef3f-54a8-47ca-8153-0983ace9b797', 'a8eb809c-172e-4d8a-a0b7-805f8286439f', 1120000, 720000, 'DELIVERED', '[{"qty":40,"cost":18000,"name":"Domestos 750ml","price":28000,"productId":"25789aac-674b-41a0-932b-4bfeaf15a1fc"}]', '2026-03-12T18:21:44.841Z', '2026-03-28T18:21:44.843Z', NULL, NULL, NULL) ON CONFLICT DO NOTHING;
INSERT INTO "Order" ("id", "companyId", "dealerId", "branchId", "totalAmount", "totalCost", "status", "items", "createdAt", "updatedAt", "deletedAt", "deletedBy", "note") VALUES ('b35f97af-4355-4cfa-b059-bddf5d307c29', '2558c501-89df-4695-b56c-fbe600529b21', 'b122c83b-1b3f-4943-90b5-6226085c997d', '5d6566ed-592b-4fa7-a851-a361a13eae9c', 15000000, 10000000, 'DELIVERED', '[{"qty":1,"cost":10000000,"name":"iPhone 15 Pro Max","price":15000000,"productId":"d83ebc32-798a-4bd0-9eea-65bfdf0f05f3"}]', '2026-03-14T18:21:44.843Z', '2026-03-28T18:21:44.845Z', NULL, NULL, NULL) ON CONFLICT DO NOTHING;
INSERT INTO "Order" ("id", "companyId", "dealerId", "branchId", "totalAmount", "totalCost", "status", "items", "createdAt", "updatedAt", "deletedAt", "deletedBy", "note") VALUES ('023e9384-a05a-41ad-90e9-2f4af3e3e3a6', '2558c501-89df-4695-b56c-fbe600529b21', '604f7c8d-0d9b-4372-b18c-0e9f4b6bc56f', '5d6566ed-592b-4fa7-a851-a361a13eae9c', 360000, 240000, 'DELIVERED', '[{"qty":20,"cost":12000,"name":"Lay''s 160g Assorted","price":18000,"productId":"6ea27cfe-d78f-4b78-96c6-b2cc6139c930"}]', '2026-03-16T18:21:44.845Z', '2026-03-28T18:21:44.847Z', NULL, NULL, NULL) ON CONFLICT DO NOTHING;
INSERT INTO "Order" ("id", "companyId", "dealerId", "branchId", "totalAmount", "totalCost", "status", "items", "createdAt", "updatedAt", "deletedAt", "deletedBy", "note") VALUES ('e642af95-fb71-49fd-b310-fc287922a7fc', '2558c501-89df-4695-b56c-fbe600529b21', 'eb9fdd9f-8ae4-4252-a662-ac14a105d55e', 'a8eb809c-172e-4d8a-a0b7-805f8286439f', 1300000, 800000, 'DELIVERED', '[{"qty":100,"cost":8000,"name":"Coca-Cola 1.5L","price":13000,"productId":"85b8d292-dfb9-4273-9620-1adab5224e96"}]', '2026-03-18T18:21:44.848Z', '2026-03-28T18:21:44.850Z', NULL, NULL, NULL) ON CONFLICT DO NOTHING;
INSERT INTO "Order" ("id", "companyId", "dealerId", "branchId", "totalAmount", "totalCost", "status", "items", "createdAt", "updatedAt", "deletedAt", "deletedBy", "note") VALUES ('7c7dd916-2140-4ed6-9a3a-09cacff114e0', '2558c501-89df-4695-b56c-fbe600529b21', '305f8ae0-3776-4761-8278-13ecb059e48d', '5d6566ed-592b-4fa7-a851-a361a13eae9c', 24000000, 16000000, 'DELIVERED', '[{"qty":2,"cost":8000000,"name":"Samsung Galaxy S24 Ultra","price":12000000,"productId":"727295e6-6c2a-415f-9c2c-55d616daf804"}]', '2026-03-19T18:21:44.851Z', '2026-03-28T18:21:44.852Z', NULL, NULL, NULL) ON CONFLICT DO NOTHING;
INSERT INTO "Order" ("id", "companyId", "dealerId", "branchId", "totalAmount", "totalCost", "status", "items", "createdAt", "updatedAt", "deletedAt", "deletedBy", "note") VALUES ('47079b00-808f-4ba7-8a87-b735be7b1321', '2558c501-89df-4695-b56c-fbe600529b21', '5d76c986-4cad-446c-8442-21b4c0ee0cf9', '5d6566ed-592b-4fa7-a851-a361a13eae9c', 30400000, 20000000, 'PENDING', '[{"qty":8,"cost":2500000,"name":"Xiaomi Redmi Note 13","price":3800000,"productId":"bcacd7c5-f16f-46b7-a3b2-86b41b6cc0de"}]', '2026-03-21T18:21:44.853Z', '2026-03-28T18:21:44.854Z', NULL, NULL, NULL) ON CONFLICT DO NOTHING;
INSERT INTO "Order" ("id", "companyId", "dealerId", "branchId", "totalAmount", "totalCost", "status", "items", "createdAt", "updatedAt", "deletedAt", "deletedBy", "note") VALUES ('3b50d540-bbb9-4480-8c59-f72d7d14298d', '2558c501-89df-4695-b56c-fbe600529b21', 'c429d9c4-5478-4478-89c2-98345a274317', 'a8eb809c-172e-4d8a-a0b7-805f8286439f', 3900000, 2700000, 'PENDING', '[{"qty":60,"cost":45000,"name":"Ariel Pods 30 ta","price":65000,"productId":"c79ec824-1f07-40ef-94f0-984b15da0f85"}]', '2026-03-22T18:21:44.855Z', '2026-03-28T18:21:44.856Z', NULL, NULL, NULL) ON CONFLICT DO NOTHING;
INSERT INTO "Order" ("id", "companyId", "dealerId", "branchId", "totalAmount", "totalCost", "status", "items", "createdAt", "updatedAt", "deletedAt", "deletedBy", "note") VALUES ('db1ee33a-637a-48d3-8299-1d1f9ff8dbd1', '2558c501-89df-4695-b56c-fbe600529b21', '14a0868a-c9ed-4962-92da-7d25d5e98e2c', '5d6566ed-592b-4fa7-a851-a361a13eae9c', 2000000, 1375000, 'PENDING', '[{"qty":25,"cost":55000,"name":"Tide 3kg","price":80000,"productId":"3c41c5ca-fab2-4b59-96e3-307964f01f12"}]', '2026-03-23T18:21:44.857Z', '2026-03-28T18:21:44.859Z', NULL, NULL, NULL) ON CONFLICT DO NOTHING;
INSERT INTO "Order" ("id", "companyId", "dealerId", "branchId", "totalAmount", "totalCost", "status", "items", "createdAt", "updatedAt", "deletedAt", "deletedBy", "note") VALUES ('d63d020a-4507-4d99-8315-8592d215d7ae', '2558c501-89df-4695-b56c-fbe600529b21', 'b122c83b-1b3f-4943-90b5-6226085c997d', '5d6566ed-592b-4fa7-a851-a361a13eae9c', 310000, 210000, 'PENDING', '[{"qty":5,"cost":42000,"name":"Nescafe Classic 200g","price":62000,"productId":"4c13e202-4250-494e-a7ec-466834b002e2"}]', '2026-03-24T18:21:44.859Z', '2026-03-28T18:21:44.861Z', NULL, NULL, NULL) ON CONFLICT DO NOTHING;
INSERT INTO "Order" ("id", "companyId", "dealerId", "branchId", "totalAmount", "totalCost", "status", "items", "createdAt", "updatedAt", "deletedAt", "deletedBy", "note") VALUES ('28078c1c-2323-46af-87a8-e16125c76505', '2558c501-89df-4695-b56c-fbe600529b21', 'cc8274a6-19c3-4e45-a207-c9902126e0e4', 'a8eb809c-172e-4d8a-a0b7-805f8286439f', 45000000, 30000000, 'PENDING', '[{"qty":3,"cost":10000000,"name":"iPhone 15 Pro Max","price":15000000,"productId":"d83ebc32-798a-4bd0-9eea-65bfdf0f05f3"}]', '2026-03-25T18:21:44.862Z', '2026-03-28T18:21:44.864Z', NULL, NULL, NULL) ON CONFLICT DO NOTHING;
INSERT INTO "Order" ("id", "companyId", "dealerId", "branchId", "totalAmount", "totalCost", "status", "items", "createdAt", "updatedAt", "deletedAt", "deletedBy", "note") VALUES ('f7b91f0f-6087-4c34-9967-587751119dca', '2558c501-89df-4695-b56c-fbe600529b21', '604f7c8d-0d9b-4372-b18c-0e9f4b6bc56f', '5d6566ed-592b-4fa7-a851-a361a13eae9c', 1960000, 1260000, 'PENDING', '[{"qty":70,"cost":18000,"name":"Domestos 750ml","price":28000,"productId":"25789aac-674b-41a0-932b-4bfeaf15a1fc"}]', '2026-03-26T18:21:44.865Z', '2026-03-28T18:21:44.866Z', NULL, NULL, NULL) ON CONFLICT DO NOTHING;
INSERT INTO "Order" ("id", "companyId", "dealerId", "branchId", "totalAmount", "totalCost", "status", "items", "createdAt", "updatedAt", "deletedAt", "deletedBy", "note") VALUES ('1031a935-0f87-41cf-91b6-3e0a9c71b825', '2558c501-89df-4695-b56c-fbe600529b21', '03f6ef3f-54a8-47ca-8153-0983ace9b797', 'a8eb809c-172e-4d8a-a0b7-805f8286439f', 8000000, 5500000, 'PENDING', '[{"qty":1,"cost":5500000,"name":"Samsung 55\" 4K TV","price":8000000,"productId":"39ac2546-bbae-49c3-9748-3e77c45f55d1"}]', '2026-03-27T18:21:44.867Z', '2026-03-28T18:21:44.869Z', NULL, NULL, NULL) ON CONFLICT DO NOTHING;
INSERT INTO "Order" ("id", "companyId", "dealerId", "branchId", "totalAmount", "totalCost", "status", "items", "createdAt", "updatedAt", "deletedAt", "deletedBy", "note") VALUES ('28aa837e-5d61-4b29-ae5e-f26f1aaec2ba', '2558c501-89df-4695-b56c-fbe600529b21', '193d572b-d791-4918-8f8c-fe5b018be616', '5d6566ed-592b-4fa7-a851-a361a13eae9c', 270000, 180000, 'PENDING', '[{"qty":15,"cost":12000,"name":"Lay''s 160g Assorted","price":18000,"productId":"6ea27cfe-d78f-4b78-96c6-b2cc6139c930"}]', '2026-03-28T18:21:44.869Z', '2026-03-28T18:21:44.871Z', NULL, NULL, NULL) ON CONFLICT DO NOTHING;

-- Payment (5 rows)
INSERT INTO "Payment" ("id", "companyId", "branchId", "dealerId", "amount", "method", "reference", "createdAt", "deletedAt", "deletedBy", "note") VALUES ('7a1b71ea-2759-4fbe-9323-cc44717b2df8', '2558c501-89df-4695-b56c-fbe600529b21', '5d6566ed-592b-4fa7-a851-a361a13eae9c', 'b122c83b-1b3f-4943-90b5-6226085c997d', 20000000, 'BANK', NULL, '2026-03-28T18:21:44.873Z', NULL, NULL, NULL) ON CONFLICT DO NOTHING;
INSERT INTO "Payment" ("id", "companyId", "branchId", "dealerId", "amount", "method", "reference", "createdAt", "deletedAt", "deletedBy", "note") VALUES ('669e432a-8a5c-4a60-bc4f-9368a5ac658e', '2558c501-89df-4695-b56c-fbe600529b21', '5d6566ed-592b-4fa7-a851-a361a13eae9c', '5d76c986-4cad-446c-8442-21b4c0ee0cf9', 10000000, 'CASH', NULL, '2026-03-28T18:21:44.877Z', NULL, NULL, NULL) ON CONFLICT DO NOTHING;
INSERT INTO "Payment" ("id", "companyId", "branchId", "dealerId", "amount", "method", "reference", "createdAt", "deletedAt", "deletedBy", "note") VALUES ('e2494d8b-ae31-462e-8503-40204c6004a7', '2558c501-89df-4695-b56c-fbe600529b21', '5d6566ed-592b-4fa7-a851-a361a13eae9c', '604f7c8d-0d9b-4372-b18c-0e9f4b6bc56f', 3000000, 'CLICK', NULL, '2026-03-28T18:21:44.880Z', NULL, NULL, NULL) ON CONFLICT DO NOTHING;
INSERT INTO "Payment" ("id", "companyId", "branchId", "dealerId", "amount", "method", "reference", "createdAt", "deletedAt", "deletedBy", "note") VALUES ('b3cd267a-843c-44a6-b1a7-b4080d574d5f', '2558c501-89df-4695-b56c-fbe600529b21', '5d6566ed-592b-4fa7-a851-a361a13eae9c', '14a0868a-c9ed-4962-92da-7d25d5e98e2c', 8000000, 'PAYME', NULL, '2026-03-28T18:21:44.883Z', NULL, NULL, NULL) ON CONFLICT DO NOTHING;
INSERT INTO "Payment" ("id", "companyId", "branchId", "dealerId", "amount", "method", "reference", "createdAt", "deletedAt", "deletedBy", "note") VALUES ('a57cc476-456a-4430-adaf-65be332cc7fb', '2558c501-89df-4695-b56c-fbe600529b21', 'a8eb809c-172e-4d8a-a0b7-805f8286439f', 'eb9fdd9f-8ae4-4252-a662-ac14a105d55e', 2000000, 'CASH', NULL, '2026-03-28T18:21:44.885Z', NULL, NULL, NULL) ON CONFLICT DO NOTHING;

-- Expense (3 rows)
INSERT INTO "Expense" ("id", "companyId", "branchId", "amount", "category", "description", "createdAt", "deletedAt", "deletedBy") VALUES ('ba1c83a0-f2f2-45b1-bd7f-9f08f3da2276', '2558c501-89df-4695-b56c-fbe600529b21', '5d6566ed-592b-4fa7-a851-a361a13eae9c', 500000, 'Logistics', 'Asosiy yuk mashinasi yoqilg''isi', '2026-03-28T18:21:44.890Z', NULL, NULL) ON CONFLICT DO NOTHING;
INSERT INTO "Expense" ("id", "companyId", "branchId", "amount", "category", "description", "createdAt", "deletedAt", "deletedBy") VALUES ('2db4ead2-0816-429a-903f-4641379bfa0a', '2558c501-89df-4695-b56c-fbe600529b21', '5d6566ed-592b-4fa7-a851-a361a13eae9c', 1200000, 'Rent', 'Oy ijarasi - asosiy ombor', '2026-03-28T18:21:44.890Z', NULL, NULL) ON CONFLICT DO NOTHING;
INSERT INTO "Expense" ("id", "companyId", "branchId", "amount", "category", "description", "createdAt", "deletedAt", "deletedBy") VALUES ('0c384eaf-9fc0-4a77-8302-4505f5407acc', '2558c501-89df-4695-b56c-fbe600529b21', '5d6566ed-592b-4fa7-a851-a361a13eae9c', 350000, 'Utilities', 'Elektr energiyasi', '2026-03-28T18:21:44.890Z', NULL, NULL) ON CONFLICT DO NOTHING;

-- User (4 rows)
INSERT INTO "User" ("id", "companyId", "branchId", "phone", "fullName", "roleType", "isActive", "createdAt") VALUES ('6cb09fb1-1ca2-4ec1-8997-4e55140ba6bc', '2558c501-89df-4695-b56c-fbe600529b21', NULL, '+998901112233', 'Super Admin', 'SUPER_ADMIN', TRUE, '2026-03-28T18:21:44.625Z') ON CONFLICT DO NOTHING;
INSERT INTO "User" ("id", "companyId", "branchId", "phone", "fullName", "roleType", "isActive", "createdAt") VALUES ('3e448462-86e6-4eae-a2c7-3d6a52b2fd96', '2558c501-89df-4695-b56c-fbe600529b21', NULL, '+998901234567', 'Aziz Karimov', 'OWNER', TRUE, '2026-03-28T18:21:44.625Z') ON CONFLICT DO NOTHING;
INSERT INTO "User" ("id", "companyId", "branchId", "phone", "fullName", "roleType", "isActive", "createdAt") VALUES ('867b4dea-7836-4761-b5e8-ae005f12f926', '2558c501-89df-4695-b56c-fbe600529b21', '5d6566ed-592b-4fa7-a851-a361a13eae9c', '+998907654321', 'Dilnoza Umarova', 'MANAGER', TRUE, '2026-03-28T18:21:44.625Z') ON CONFLICT DO NOTHING;
INSERT INTO "User" ("id", "companyId", "branchId", "phone", "fullName", "roleType", "isActive", "createdAt") VALUES ('0044ae1f-95de-4137-9bb1-efccd8dbcecb', '2558c501-89df-4695-b56c-fbe600529b21', '5d6566ed-592b-4fa7-a851-a361a13eae9c', '+998909876543', 'Bobur Toshmatov', 'SALES', TRUE, '2026-03-28T18:21:44.625Z') ON CONFLICT DO NOTHING;

