-- Supplio Company Export
-- Company: Demo Solutions Ltd
-- Exported: 2026-04-12T18:31:14.400Z
-- ID: 677fe634-603d-4723-8c85-afff22b41391

-- Branch (1 rows)
INSERT INTO "Branch" ("id", "companyId", "name", "address", "phone", "createdAt", "updatedAt", "deletedAt", "deletedBy") VALUES ('17c263ab-70a9-4bdd-a67f-d8cb8e330972', '677fe634-603d-4723-8c85-afff22b41391', 'Demo Hub', NULL, NULL, '2026-03-28T18:21:44.894Z', '2026-03-28T18:21:44.894Z', NULL, NULL) ON CONFLICT DO NOTHING;

-- Dealer (5 rows)
INSERT INTO "Dealer" ("id", "companyId", "branchId", "name", "phone", "address", "creditLimit", "currentDebt", "telegramChatId", "createdAt", "updatedAt", "deletedAt", "deletedBy", "isApproved", "approvedAt", "approvedBy", "isBlocked", "cashbackBalance") VALUES ('dealer-677fe634-603d-4723-8c85-afff22b41391-1', '677fe634-603d-4723-8c85-afff22b41391', '17c263ab-70a9-4bdd-a67f-d8cb8e330972', 'Apex Retail', '+998901112233', NULL, 10000000, 4500000, NULL, '2026-03-29T19:00:00.235Z', '2026-03-29T19:00:00.235Z', NULL, NULL, TRUE, NULL, NULL, FALSE, 0) ON CONFLICT DO NOTHING;
INSERT INTO "Dealer" ("id", "companyId", "branchId", "name", "phone", "address", "creditLimit", "currentDebt", "telegramChatId", "createdAt", "updatedAt", "deletedAt", "deletedBy", "isApproved", "approvedAt", "approvedBy", "isBlocked", "cashbackBalance") VALUES ('dealer-677fe634-603d-4723-8c85-afff22b41391-2', '677fe634-603d-4723-8c85-afff22b41391', '17c263ab-70a9-4bdd-a67f-d8cb8e330972', 'Global Mart', '+998904445566', NULL, 5000000, 1200000, NULL, '2026-03-29T19:00:00.235Z', '2026-03-29T19:00:00.235Z', NULL, NULL, TRUE, NULL, NULL, FALSE, 0) ON CONFLICT DO NOTHING;
INSERT INTO "Dealer" ("id", "companyId", "branchId", "name", "phone", "address", "creditLimit", "currentDebt", "telegramChatId", "createdAt", "updatedAt", "deletedAt", "deletedBy", "isApproved", "approvedAt", "approvedBy", "isBlocked", "cashbackBalance") VALUES ('dealer-677fe634-603d-4723-8c85-afff22b41391-3', '677fe634-603d-4723-8c85-afff22b41391', '17c263ab-70a9-4bdd-a67f-d8cb8e330972', 'City Express', '+998907778899', NULL, 2000000, 2500000, NULL, '2026-03-29T19:00:00.235Z', '2026-03-29T19:00:00.235Z', NULL, NULL, TRUE, NULL, NULL, FALSE, 0) ON CONFLICT DO NOTHING;
INSERT INTO "Dealer" ("id", "companyId", "branchId", "name", "phone", "address", "creditLimit", "currentDebt", "telegramChatId", "createdAt", "updatedAt", "deletedAt", "deletedBy", "isApproved", "approvedAt", "approvedBy", "isBlocked", "cashbackBalance") VALUES ('dealer-677fe634-603d-4723-8c85-afff22b41391-4', '677fe634-603d-4723-8c85-afff22b41391', '17c263ab-70a9-4bdd-a67f-d8cb8e330972', 'Metro Store', '+998909990011', NULL, 8000000, 650000, NULL, '2026-03-29T19:00:00.235Z', '2026-03-29T19:00:00.235Z', NULL, NULL, TRUE, NULL, NULL, FALSE, 0) ON CONFLICT DO NOTHING;
INSERT INTO "Dealer" ("id", "companyId", "branchId", "name", "phone", "address", "creditLimit", "currentDebt", "telegramChatId", "createdAt", "updatedAt", "deletedAt", "deletedBy", "isApproved", "approvedAt", "approvedBy", "isBlocked", "cashbackBalance") VALUES ('dealer-677fe634-603d-4723-8c85-afff22b41391-5', '677fe634-603d-4723-8c85-afff22b41391', '17c263ab-70a9-4bdd-a67f-d8cb8e330972', 'FastTrade', '+998902223344', NULL, 15000000, 3200000, NULL, '2026-03-29T19:00:00.235Z', '2026-03-29T19:00:00.235Z', NULL, NULL, TRUE, NULL, NULL, FALSE, 0) ON CONFLICT DO NOTHING;

-- Product (5 rows)
INSERT INTO "Product" ("id", "companyId", "name", "sku", "description", "costPrice", "price", "stock", "unit", "createdAt", "updatedAt", "deletedAt", "deletedBy", "categoryId", "imageUrl", "isActive", "subcategoryId", "unitId", "discountPrice", "isPromo") VALUES ('4741adae-e873-46a4-a9bf-ca0f0d8754eb', '677fe634-603d-4723-8c85-afff22b41391', 'Premium Box Set', 'PBS-001', NULL, 180000, 250000, 150, 'box', '2026-03-29T19:00:00.244Z', '2026-03-29T19:00:00.244Z', NULL, NULL, NULL, NULL, TRUE, NULL, NULL, NULL, FALSE) ON CONFLICT DO NOTHING;
INSERT INTO "Product" ("id", "companyId", "name", "sku", "description", "costPrice", "price", "stock", "unit", "createdAt", "updatedAt", "deletedAt", "deletedBy", "categoryId", "imageUrl", "isActive", "subcategoryId", "unitId", "discountPrice", "isPromo") VALUES ('dc5ae022-330d-407d-ae27-f2d810ef9ddc', '677fe634-603d-4723-8c85-afff22b41391', 'Standard Pack', 'SP-002', NULL, 30000, 45000, 2000, 'pcs', '2026-03-29T19:00:00.244Z', '2026-03-29T19:00:00.244Z', NULL, NULL, NULL, NULL, TRUE, NULL, NULL, NULL, FALSE) ON CONFLICT DO NOTHING;
INSERT INTO "Product" ("id", "companyId", "name", "sku", "description", "costPrice", "price", "stock", "unit", "createdAt", "updatedAt", "deletedAt", "deletedBy", "categoryId", "imageUrl", "isActive", "subcategoryId", "unitId", "discountPrice", "isPromo") VALUES ('53298878-6ddd-4847-8e10-ddac2442f8d4', '677fe634-603d-4723-8c85-afff22b41391', 'Industrial Set', 'IS-003', NULL, 950000, 1200000, 45, 'set', '2026-03-29T19:00:00.244Z', '2026-03-29T19:00:00.244Z', NULL, NULL, NULL, NULL, TRUE, NULL, NULL, NULL, TRUE) ON CONFLICT DO NOTHING;
INSERT INTO "Product" ("id", "companyId", "name", "sku", "description", "costPrice", "price", "stock", "unit", "createdAt", "updatedAt", "deletedAt", "deletedBy", "categoryId", "imageUrl", "isActive", "subcategoryId", "unitId", "discountPrice", "isPromo") VALUES ('d6e0b51f-63ad-4b17-b9c9-5cea115b97d5', '677fe634-603d-4723-8c85-afff22b41391', 'Mini Sample', 'MS-004', NULL, 8000, 12000, 5000, 'pcs', '2026-03-29T19:00:00.244Z', '2026-03-29T19:00:00.244Z', NULL, NULL, NULL, NULL, TRUE, NULL, NULL, NULL, FALSE) ON CONFLICT DO NOTHING;
INSERT INTO "Product" ("id", "companyId", "name", "sku", "description", "costPrice", "price", "stock", "unit", "createdAt", "updatedAt", "deletedAt", "deletedBy", "categoryId", "imageUrl", "isActive", "subcategoryId", "unitId", "discountPrice", "isPromo") VALUES ('1c4770c9-52cc-4484-883e-bb368214e621', '677fe634-603d-4723-8c85-afff22b41391', 'Bulk Container', 'BC-005', NULL, 2800000, 3500000, 12, 'cnt', '2026-03-29T19:00:00.244Z', '2026-03-29T19:00:00.244Z', NULL, NULL, NULL, NULL, TRUE, NULL, NULL, NULL, FALSE) ON CONFLICT DO NOTHING;

-- Order (10 rows)
INSERT INTO "Order" ("id", "companyId", "dealerId", "branchId", "totalAmount", "totalCost", "status", "items", "createdAt", "updatedAt", "deletedAt", "deletedBy", "note") VALUES ('7dd1e9fa-2fec-4fe1-befd-f66d6b677ae3', '677fe634-603d-4723-8c85-afff22b41391', 'dealer-677fe634-603d-4723-8c85-afff22b41391-1', '17c263ab-70a9-4bdd-a67f-d8cb8e330972', 4500000, 3240000, 'DELIVERED', '[{"productId":null,"name":"Premium Box Set","qty":18,"unit":"pcs","price":250000,"total":4500000}]', '2026-03-19T19:00:00.246Z', '2026-03-29T19:00:00.255Z', NULL, NULL, NULL) ON CONFLICT DO NOTHING;
INSERT INTO "Order" ("id", "companyId", "dealerId", "branchId", "totalAmount", "totalCost", "status", "items", "createdAt", "updatedAt", "deletedAt", "deletedBy", "note") VALUES ('ab6d5e39-4b00-41e0-9f9c-ef26a1856df2', '677fe634-603d-4723-8c85-afff22b41391', 'dealer-677fe634-603d-4723-8c85-afff22b41391-2', '17c263ab-70a9-4bdd-a67f-d8cb8e330972', 1200000, 900000, 'PENDING', '[{"productId":null,"name":"Standard Pack","qty":27,"unit":"pcs","price":45000,"total":1215000}]', '2026-03-21T19:00:00.246Z', '2026-03-29T19:00:00.266Z', NULL, NULL, NULL) ON CONFLICT DO NOTHING;
INSERT INTO "Order" ("id", "companyId", "dealerId", "branchId", "totalAmount", "totalCost", "status", "items", "createdAt", "updatedAt", "deletedAt", "deletedBy", "note") VALUES ('f4994c69-db9b-4dba-8d83-996ea280bfa2', '677fe634-603d-4723-8c85-afff22b41391', 'dealer-677fe634-603d-4723-8c85-afff22b41391-3', '17c263ab-70a9-4bdd-a67f-d8cb8e330972', 2500000, 1900000, 'COMPLETED', '[{"productId":null,"name":"Industrial Set","qty":2,"unit":"pcs","price":1200000,"total":2400000}]', '2026-03-22T19:00:00.246Z', '2026-03-29T19:00:00.273Z', NULL, NULL, NULL) ON CONFLICT DO NOTHING;
INSERT INTO "Order" ("id", "companyId", "dealerId", "branchId", "totalAmount", "totalCost", "status", "items", "createdAt", "updatedAt", "deletedAt", "deletedBy", "note") VALUES ('a7aaa501-f3af-4a42-aeb0-b5e16dce6f5e', '677fe634-603d-4723-8c85-afff22b41391', 'dealer-677fe634-603d-4723-8c85-afff22b41391-4', '17c263ab-70a9-4bdd-a67f-d8cb8e330972', 650000, 480000, 'DELIVERED', '[{"productId":null,"name":"Mini Sample","qty":54,"unit":"pcs","price":12000,"total":648000}]', '2026-03-23T19:00:00.246Z', '2026-03-29T19:00:00.278Z', NULL, NULL, NULL) ON CONFLICT DO NOTHING;
INSERT INTO "Order" ("id", "companyId", "dealerId", "branchId", "totalAmount", "totalCost", "status", "items", "createdAt", "updatedAt", "deletedAt", "deletedBy", "note") VALUES ('cf2eb8d6-8c74-457d-8a07-2c9fb9b94482', '677fe634-603d-4723-8c85-afff22b41391', 'dealer-677fe634-603d-4723-8c85-afff22b41391-5', '17c263ab-70a9-4bdd-a67f-d8cb8e330972', 3200000, 2400000, 'DELIVERED', '[{"productId":null,"name":"Premium Box Set","qty":13,"unit":"pcs","price":250000,"total":3250000}]', '2026-03-24T19:00:00.246Z', '2026-03-29T19:00:00.284Z', NULL, NULL, NULL) ON CONFLICT DO NOTHING;
INSERT INTO "Order" ("id", "companyId", "dealerId", "branchId", "totalAmount", "totalCost", "status", "items", "createdAt", "updatedAt", "deletedAt", "deletedBy", "note") VALUES ('2e8a6a8f-7716-4f09-9999-036fa43e5181', '677fe634-603d-4723-8c85-afff22b41391', 'dealer-677fe634-603d-4723-8c85-afff22b41391-1', '17c263ab-70a9-4bdd-a67f-d8cb8e330972', 900000, 660000, 'ACCEPTED', '[{"productId":null,"name":"Standard Pack","qty":20,"unit":"pcs","price":45000,"total":900000}]', '2026-03-25T19:00:00.246Z', '2026-03-29T19:00:00.291Z', NULL, NULL, NULL) ON CONFLICT DO NOTHING;
INSERT INTO "Order" ("id", "companyId", "dealerId", "branchId", "totalAmount", "totalCost", "status", "items", "createdAt", "updatedAt", "deletedAt", "deletedBy", "note") VALUES ('6c67abc9-9ac5-4612-a061-7bcd317aed91', '677fe634-603d-4723-8c85-afff22b41391', 'dealer-677fe634-603d-4723-8c85-afff22b41391-2', '17c263ab-70a9-4bdd-a67f-d8cb8e330972', 1800000, 1350000, 'PREPARING', '[{"productId":null,"name":"Bulk Container","qty":1,"unit":"pcs","price":3500000,"total":3500000}]', '2026-03-26T19:00:00.246Z', '2026-03-29T19:00:00.298Z', NULL, NULL, NULL) ON CONFLICT DO NOTHING;
INSERT INTO "Order" ("id", "companyId", "dealerId", "branchId", "totalAmount", "totalCost", "status", "items", "createdAt", "updatedAt", "deletedAt", "deletedBy", "note") VALUES ('224e49d4-55c3-4677-8669-a2ac8d68ab04', '677fe634-603d-4723-8c85-afff22b41391', 'dealer-677fe634-603d-4723-8c85-afff22b41391-3', '17c263ab-70a9-4bdd-a67f-d8cb8e330972', 360000, 240000, 'SHIPPED', '[{"productId":null,"name":"Mini Sample","qty":30,"unit":"pcs","price":12000,"total":360000}]', '2026-03-27T19:00:00.246Z', '2026-03-29T19:00:00.303Z', NULL, NULL, NULL) ON CONFLICT DO NOTHING;
INSERT INTO "Order" ("id", "companyId", "dealerId", "branchId", "totalAmount", "totalCost", "status", "items", "createdAt", "updatedAt", "deletedAt", "deletedBy", "note") VALUES ('5e840391-0f7f-43d8-a1c2-d090708a8e62', '677fe634-603d-4723-8c85-afff22b41391', 'dealer-677fe634-603d-4723-8c85-afff22b41391-4', '17c263ab-70a9-4bdd-a67f-d8cb8e330972', 2000000, 1600000, 'PENDING', '[{"productId":null,"name":"Industrial Set","qty":1,"unit":"pcs","price":1200000,"total":1200000}]', '2026-03-28T19:00:00.246Z', '2026-03-29T19:00:00.309Z', NULL, NULL, NULL) ON CONFLICT DO NOTHING;
INSERT INTO "Order" ("id", "companyId", "dealerId", "branchId", "totalAmount", "totalCost", "status", "items", "createdAt", "updatedAt", "deletedAt", "deletedBy", "note") VALUES ('759f7ffe-d4a1-4c7c-8942-5c20a4494251', '677fe634-603d-4723-8c85-afff22b41391', 'dealer-677fe634-603d-4723-8c85-afff22b41391-5', '17c263ab-70a9-4bdd-a67f-d8cb8e330972', 500000, 350000, 'CANCELLED', '[{"productId":null,"name":"Standard Pack","qty":11,"unit":"pcs","price":45000,"total":495000}]', '2026-03-29T19:00:00.246Z', '2026-03-29T19:00:00.315Z', NULL, NULL, NULL) ON CONFLICT DO NOTHING;

-- Payment (1 rows)
INSERT INTO "Payment" ("id", "companyId", "branchId", "dealerId", "amount", "method", "reference", "createdAt", "deletedAt", "deletedBy", "note") VALUES ('35eac52b-1df1-4f93-90d7-5b067c6fc6e9', '677fe634-603d-4723-8c85-afff22b41391', '17c263ab-70a9-4bdd-a67f-d8cb8e330972', 'dealer-677fe634-603d-4723-8c85-afff22b41391-1', 4500000, 'cash', NULL, '2026-03-20T19:00:00.246Z', NULL, NULL, 'Demo payment') ON CONFLICT DO NOTHING;

-- Expense: empty
-- User (1 rows)
INSERT INTO "User" ("id", "companyId", "branchId", "phone", "fullName", "roleType", "isActive", "createdAt") VALUES ('99cfe604-cdee-4048-a231-32c13319c327', '677fe634-603d-4723-8c85-afff22b41391', '17c263ab-70a9-4bdd-a67f-d8cb8e330972', '+998991112233', 'Demo Owner', 'OWNER', TRUE, '2026-03-28T18:21:44.895Z') ON CONFLICT DO NOTHING;

